-3.304,-1.956,-0.216,-2.5,-2.401,1.565,-2.274,-1.113,-2.939,-1.622,-5.518,-1.446,-1.305,-3.488,-3.076,-1.485,0.027,-0.195,3.993,9.884
5.879,-0.85,6.046,3.786,4.871,2.169,0.676,3.62,3.676,0.168,-0.898,2.156,0.568,-0.442,-1.881,3.314,-1.072,-1.079,-2.487,-6.061
-2.518,-3.025,-0.622,-4.022,-1.018,-1.535,-0.754,-2.096,-0.63,-2.262,-4.924,-2.896,-2.133,-2.473,-4.034,-2.597,0.634,2.118,4.39,9.503
-3.393,-2.73,-0.778,-3.095,-2.03,1.404,-2.936,-0.836,-0.213,0.214,-2.896,-2.36,-0.391,-1.185,-2.158,-3.69,0.478,0.916,2.06,8.707
1.233,-0.853,1.154,-0.324,0.768,2.201,-1.694,-0.616,-0.288,2.036,-1.802,0.076,-1.852,-4.212,-4.522,-4.083,0.514,2.688,-1.511,4.776
-0.439,4.917,5.509,1.614,3.01,2.847,2.722,-1.269,1.685,0.427,2.859,3.479,2.491,3.015,2.082,-1.36,0.238,0.573,-3.866,-10.496
0.838,5.729,4.002,0.575,3.823,-0.133,2.694,-0.094,0.773,-0.174,1.466,8.133,3.352,3.861,2.168,-2.943,0.725,1.495,-3.082,-10.211
2.874,6.635,5.391,-1.281,4.213,1.012,4.548,-1.505,-1.447,-1.715,-0.279,3.779,4.229,2.52,3.306,-10.068,-0.355,2.172,2.728,-5.4
-1.234,-0.528,-0.209,-0.919,-0.673,-1.156,-0.548,-1.196,-1.877,0.584,-3.841,-2.508,-0.103,-2.246,-1.506,-1.852,0.405,0.984,4.324,2.833
-1.588,3.536,2.483,0.845,1.105,2.638,2.526,-0.676,-0.669,-0.609,-1.692,2.467,2.726,2.099,-0.338,-5.695,-0.583,2.754,0.453,-1.666
-9.581,7.998,-2.08,-1.791,3.997,-6.804,5.565,0.39,2.209,-2.483,18.217,23.851,10.404,24.889,18.149,28.046,17.937,-11.03,-29.287,-63.372
1.063,4.841,3.257,-0.11,2.182,1.182,1.077,0.81,0.083,0.304,0.482,1.658,1.156,3.676,1.19,-3.539,0.654,2.454,-0.65,-7.371
-4.093,-4.285,-3.146,-4.996,-3.84,-3.305,-0.829,-2.383,-2.627,-3.461,-4.529,-5.628,-2.035,-1.733,-2.074,-3.586,0.274,-0.804,9.433,16.773
2.67,5.11,7.39,-0.466,4.513,2.495,3.168,1.555,1.144,-0.56,2.344,4.183,4.198,2.797,3.355,-6.219,0.823,1.218,-0.992,-10.857
0.635,4.755,3.49,0.382,4.666,-0.598,1.485,-0.947,0.197,-0.558,2.709,2.636,1.302,4.937,3.066,-3.287,0.012,4.272,-1.62,-6.824
7.055,6.611,5.909,1.761,3.282,4.237,5.326,1.485,1.854,2.324,2.433,1.057,1.856,1.971,0.521,-6.987,-1.947,0.164,-2.923,-8.624
0.997,2.023,3.221,-0.497,0.837,0.434,1.679,0.395,-0.134,1.672,0.048,-1.843,2.463,1.316,-0.64,-3.336,0.072,1.535,1.276,-1.858
1.01,6.353,3.896,3.63,5.358,2.288,2.905,0.366,1.467,-1.301,1.581,0.923,1.012,-0.288,3.664,-5.133,-0.952,0.105,-1.983,-5.981
0.51,1.565,1.331,0.345,-1.05,2.036,4.075,1.901,0.627,-1.05,1.829,0.563,2.35,1.443,-1.279,-2.435,0.434,0.258,0.519,-3.044
0.141,0.857,1.285,1.997,1.016,2.757,2.73,0.544,0.613,-0.182,0.852,2.869,2.586,1.751,1.715,-1.877,-1.365,1.53,-3.136,-6.898
-1.93,2.102,0.922,-0.441,1.675,-0.494,0.562,-2.404,0.009,-1.882,3.005,5.211,2.823,2.861,3.977,1.35,-0.359,2.286,-2.221,-7.748
3.079,3.365,3.597,0.206,2.088,-0.94,1.391,1.228,2.651,0.208,1.779,3.954,1.667,3.474,1.986,-2.153,0.507,0.404,-1.876,-6.702
0.055,0.783,0.368,0.672,-1.474,-0.695,1.384,1.504,0.099,-0.127,0.942,0.397,1.966,0.305,0.526,-2.511,-1.434,-1.97,-1.254,2.135
10.67,7.598,5.198,7.49,4.599,1.542,1.416,7.472,2.712,1.852,2.48,0.799,2.68,3.089,1.685,-1.485,-5.699,-2.028,-6.642,-13.495
2.143,1.013,2.697,1.445,-0.328,4.616,-0.276,0.99,0.178,0.557,-0.104,-0.315,-1.38,1.373,-0.539,-1.504,-2.248,0.045,0.564,-0.464
-0.359,0.828,3.937,5.879,-1.164,0.469,3.299,1.158,4.006,11.689,6.373,5.471,2.15,4.378,2.697,3.887,-1.128,-6.027,-10.414,-9.123
-2.501,-1.498,1.4,1.015,-2.952,1.279,-1.393,0.194,0.111,-0.519,-1.67,-0.879,-1.639,-2.483,-4.342,-1.997,0.099,-0.178,0.964,7.492
9.537,7.257,6.997,2.998,5.67,9.686,4.352,11.808,3.877,4.507,2.865,0.743,2.697,5.426,0.298,0.544,-4.35,-7.266,-11.184,-18.448
5.04,5.139,4.755,3.632,3.021,1.205,1.695,2.855,2.552,1.388,0.679,1.732,3.035,1.687,0.193,-0.761,-2.439,-0.621,-4.271,-6.933
3.819,2.964,5.741,6.564,1.902,-0.939,6.411,2.936,2.494,8.46,7.972,5.246,8.028,4.139,3.175,2.261,-3.374,-7.35,-10.22,-13.907
0.832,3.205,1.91,1.184,0.434,3.677,-0.201,1.103,0.717,0.562,1.92,-1.04,-0.759,2.471,-0.459,-0.803,-0.036,-1.262,-1.994,-4.026
1.819,0.212,0.374,0.082,2.991,0.649,1.758,-2.019,-0.589,-1.44,3.083,-1.186,-0.882,4.406,-1.741,-2.316,-0.77,-2.937,-2.999,-3.936
3.875,2.906,1.325,2.194,2.369,3.5,2.434,3.411,1.477,1.373,1.589,0.91,0.767,2.132,-0.089,-2.416,-0.736,-0.603,-1.352,-6.108
0.875,1.821,3.031,0.293,1.221,0.042,3.035,0.025,0.206,1.297,-2.496,0.023,0.19,-0.393,0.677,-3.816,-1.342,3.312,-0.49,-1.317
-1.953,-3.743,-1.834,-3.832,-1.793,-1.696,-3.92,-3.946,-2.551,-6.218,-2.773,-1.043,-3.904,-2.822,-1.258,0.234,2.059,-0.479,5.92,13.125
-3.61,-3.731,-2.999,-2.921,-2.056,-3.321,-0.809,-3.187,-1.637,-3.717,-2.426,-1.017,-0.499,0.515,1.92,1.059,1.63,2.328,3.288,5.625
-15.243,-0.77,-5.274,-9.035,-5.984,-11.534,-1.324,-4.705,-3.716,-8.117,2.316,10.309,2.273,14.415,15.052,21.138,13.001,-1.801,-4.874,-8.353
-2.804,2.136,1.349,-4.824,-1.234,-0.94,0.682,-3.105,-2.965,-3.813,-7.041,-2.158,-0.782,-0.072,0.678,-8.73,-0.588,5.744,7.015,5.663
-3.046,-4.234,1.932,-3.716,-1.259,-3.101,-3.8,-2.063,-3.126,-2.246,-6.118,-6.725,-3.319,-2.845,2.614,-4.36,0.395,7.487,10.005,6.699
-1.279,0.276,-0.327,-1.056,-0.496,-2.644,-0.404,1.423,-2.446,-2.303,-4.983,-1.374,-2.004,-2.016,2.511,-6.159,-0.272,2.528,8.931,5.484
-4.71,-5.333,-4.719,-3.629,-2.419,-4.914,-3.105,-3.032,-3.864,-4.186,-6.734,-6.264,-4.876,-3.796,-0.096,-6.807,0.095,4.912,12.133,15.071
0.545,5.956,5.561,-1.402,5.716,1.189,3.025,-0.2,0.482,-1.225,3.887,8.224,5.74,7.006,6.801,-1.352,2.514,0.616,-3.452,-20.76
0.2,3.4,1.888,-1.472,1.175,2.11,0.803,-0.672,0.033,0.05,-0.648,1.254,2.53,1.93,0.148,-3.83,1.654,1.074,1.28,-2.294
-1.945,1.642,5.071,-2.188,1.658,2.585,3.738,-2.013,-0.217,0.775,-0.592,2.6,1.407,0.943,0.493,-1.086,0.994,-0.728,2.659,-2.685
-0.71,0.048,1.261,0.172,2.816,2.92,3.464,-1.092,-0.54,-1.204,-0.401,2.291,-1.595,1.312,-1.087,-3.868,-1.426,3.06,4.969,1.609
-1.748,-0.978,2.972,-1.001,1.162,-1.67,4.755,-2.456,-1.609,-2.384,-3.268,0.015,-0.941,0.971,-2.821,-6.625,0.671,3.746,8.642,4.012
0.225,4.194,4.871,2.328,2.503,-0.954,3.237,0.455,2.885,-1.867,-0.564,2.918,0.555,-1.09,-0.005,-7.972,-1.67,1.709,2.914,-0.068
-16.302,-7.769,-11.981,-16.495,-14.382,-12.126,-8.95,-12.471,-14.753,-19.924,-25.514,-22.568,-11.498,-21.061,-10.658,-18.737,0.465,11.465,22.127,23.408
-0.629,0.299,-1.589,-3.057,-1.5,-1.564,1.456,-0.273,-1.015,-3.099,-4.65,-2.1,-3.377,-2.205,-1.808,-3.977,-0.164,0.457,3.764,9.417
-2.772,-3.449,-5.57,-2.812,-4.61,-3.889,-0.93,-1.878,-1.054,-3.462,-3.562,-4.74,-3.621,-0.966,1.509,-3.482,0.923,0.673,8.055,11.781
-8.326,-5.742,-7.692,-8.076,-8.276,-5.501,-3.935,-8.19,-7.909,-10.219,-7.281,-8.976,-4.698,-5.052,-1.557,-6.601,-0.267,5.534,19.904,21.484
-4.567,-1.263,-4.572,-6.018,-5.33,-0.144,-3.091,-6.178,-5.384,-4.755,-4.949,-3.515,-2.774,-3.062,-0.06,-3.423,0.057,3.216,8.486,12.292
-17.462,-7.911,-11.498,-16.079,-15.035,-9.657,-11.53,-14.164,-19.686,-17.298,-14.671,-17.983,-10.027,-16.431,-7.323,-2.783,-2.063,12.922,47.267,14.629
-8.882,-3.391,-4.367,-9.511,-6.676,-2.582,-4.993,-5.482,-7.084,-5.723,-7.931,-4.938,-4.715,-4.854,-3.908,-0.383,3.778,4.77,5.988,12.389
-1.049,-0.854,-1.036,-0.675,-3.843,-3.037,-1.911,-1.668,-1.403,-4.304,-4.285,-1.353,-2.197,-1.811,-2.137,-2.809,1.55,1.661,3.737,9.631
2.072,1.986,1.023,1.527,2.07,5.936,1.433,2.301,1.26,-1.221,1.557,-1.475,3.236,0.91,-1.327,-2.225,-1.312,1.415,-3.979,-1.26
1.825,-0.513,-1.173,0.371,4.197,0.324,-0.322,-0.236,3.218,-0.727,-2.174,-0.655,-2.063,-3.736,-3.339,-0.142,-1.571,2.288,2.998,6.644
7.388,10.552,2.895,3.519,8.809,4.625,6.011,7.012,2.565,2.892,9.103,1.971,4.602,5.707,-1.099,0.596,0.249,0.149,-9.126,-16.605
3.914,2.241,1.373,2.252,3.096,1.953,1.833,2.296,0.662,3.166,5.061,2.128,2.986,1.419,-0.867,-0.904,1.276,-1.686,-4.145,-8.908
2.014,2.55,4.706,1,1.064,8.07,-1.372,1.399,8.159,-4.449,-3.181,0.459,-0.896,4.065,1.14,-4.644,-3.099,-6.216,-8.24,-15.794
2.028,-0.238,0.134,0.455,1.106,1.059,-0.67,0.239,-0.982,-0.01,-0.429,-0.75,-0.43,0.114,-1.182,0.31,-1.235,0.284,1.856,2.109
-0.913,-2.511,0.391,-0.97,-0.714,-1.143,1.177,-0.108,0.291,0.087,1.094,2.29,-0.215,-0.501,-1.764,0.161,2.451,0.34,-0.361,0.252
-1.88,-3.438,-1.765,-3.855,-2.235,-2.334,-2.288,-1.332,-3.483,-1.805,-5.097,-1.723,-4,-1.325,5.797,-0.937,-0.948,4.342,6.73,5.819
-10.342,-8.556,-5.815,-9.293,-6.272,-6.36,-5.903,-6.006,-4.463,-7.058,-7.65,-6.728,-4.071,-3.952,-2.855,-3.301,2.39,4.929,16.159,22.073
3.22,-2.184,6.908,-1.73,3.704,-1.048,-0.835,1.741,0.334,3.874,-0.825,1.752,-2.058,-4.331,-4.897,-1.304,0.08,-3.232,-3.396,0.687
-0.122,1.486,0.031,1.598,0.693,-0.401,1.772,1.335,0.813,2.548,-2.06,-1.751,0.826,0.608,0.776,-2.811,0.354,0.279,1.249,-1.932
-3.968,-0.812,-0.152,-1.931,-3.548,-2.367,-0.041,-3.048,-0.886,-2.2,-4.165,-2.344,-2.302,-2.259,-0.558,-3.869,0.097,4.561,5.661,5.732
-4.507,-3.04,-4.401,-3.817,-4.603,-3.79,-1.977,-4.375,-3.853,-4.83,-4.701,-5.209,-3.23,-4.707,-2.786,-1.716,1.288,1.261,9.416,15.269
-3.645,-4.253,-2.961,-2.656,-2.77,-0.021,1.913,0.75,-3.17,-4.029,-0.662,-0.477,-1.93,0.18,-2.317,-0.694,-0.911,2.492,10.198,-6.139
-2.992,2.484,-0.133,4.463,-1.919,0.832,1.116,1.232,4.725,-2.54,-2.031,0.985,-1.777,-2.239,-2.316,-2.458,-4.594,1.031,-1.824,8.806
-2.174,-1.22,-0.349,-1.004,-1.74,2.012,0.76,0.506,0.043,0.557,-1.827,-0.15,-0.449,-1.434,-2.646,0.126,-0.107,-2.592,0.352,0.581
-1.227,-0.406,-0.277,1.347,-2.048,2.832,-0.929,-2.448,1.712,0.076,1.138,-0.078,-1.395,-1.168,-2.77,-0.12,-0.531,-0.563,1.586,3.898
1.041,2.152,2.447,1.806,2.319,1.96,1,0.086,1.126,-0.046,-0.643,-1.503,-2.051,-1.426,1.081,-2.37,-0.997,-0.605,-2.945,-1.373
1.19,-1.177,-0.016,1.914,0.376,1.956,-1.658,0.648,0.377,1.483,0.015,-2.188,-0.066,1.006,-0.286,-1.362,0.247,0.002,1.032,-1.528
3.026,1.814,2.918,3.8,3.44,6.594,-1.74,4.005,5.02,-0.776,0.656,1.024,1.163,1.532,1.046,-1.464,-3.38,-5.832,-5.422,-10.733
-6.363,1.209,-1.254,3.575,-4.846,-0.291,2.243,-1.727,4.517,-3.202,-3.809,0.026,-1.378,-1.111,-3.137,-1.939,-4.563,2.352,0.238,11.933
0.626,-0.375,3.131,1.956,-2.62,-1.549,-1.346,-1.42,-2.261,-0.873,1.502,8.154,1.368,0.904,0.122,0.067,-1.7,-0.253,-3.095,-4.067
-4.856,-2.944,-2.096,-4.891,-3.642,-2.261,-0.864,-2.162,-2.175,-3.554,-5.158,-3.304,-1.407,-2.657,-0.642,-2.816,1.237,4.447,6.672,9.902
-2.006,-1.345,-0.135,-2.865,-0.203,-0.944,0.764,-3.829,-2.226,-0.186,-4.201,-3.681,-0.348,-1.565,-0.436,-2.312,0.964,2.904,6.735,3.344
-0.23,5.324,5.226,1.997,4.743,0.254,4.26,-0.323,3.737,-0.717,2.461,3.539,3.393,0.294,4.899,-8.589,-1.572,2.258,-2.858,-5.455
3.081,0.889,3.203,5.683,2.503,0.067,4.68,3.959,4.244,9.605,7.575,4.4,8.102,5.201,2.812,2.777,-1.423,-6.677,-13.762,-19.072
12.793,6.058,-1.096,10.14,5.545,1.151,1.92,2.006,-0.406,-3.573,15.555,-3.44,1.246,-5.494,4.289,2.932,3.616,-0.803,-11.042,-10.163
-0.802,0.095,0.041,-0.596,-0.036,-1.49,-0.179,-0.204,-0.131,-0.593,-1.577,-1.882,-0.595,-2.277,-1.941,-0.788,-0.913,3.101,1.831,3.53
-3.51,-2.35,-3.42,-4.251,-2.951,-1.419,0.075,-2.572,-1.115,-3.529,-1.425,-2.21,-2.072,-1.715,-1.281,-1.169,-0.36,0.301,5.69,8.059
-2.398,-3.671,-2.602,-2.547,-1.17,-1.136,-2.271,-3.59,-0.894,-2.913,-0.576,-1.671,-1.742,0.938,0.81,0.67,0.13,0.871,5.009,0.686
-1.806,2.216,-1.273,1.128,0.75,2.559,0.064,-2.179,-0.169,-0.394,-1.954,2.811,-1.274,-1.014,-0.928,1.479,0.07,0.237,-2.683,-0.872
-0.353,0.988,1.317,-0.443,0.18,0.353,-0.017,-0.831,-1.967,-1.372,0.324,6.071,-0.472,0.478,-0.336,-1.285,-0.625,-0.949,-1.397,-1.646
-0.499,-0.867,2.337,-1.282,0.363,1.863,-0.671,-0.082,-0.604,1.199,1.046,0.471,-1.032,1.573,-0.998,-0.917,1.542,-1.36,1.005,-0.293
1.091,0.612,0.325,-2.245,1.423,-0.487,0.846,-1.748,-0.647,-0.98,0.861,0.593,-1.165,-0.831,-0.274,-0.796,0.619,1.11,2.013,1.273
5.601,1.192,4.648,-0.409,5.938,2.051,2.164,2.645,-2.204,3.208,-1.555,-2.652,-0.94,1.188,-0.248,-4.127,0.872,3.158,-1.238,-1.541
8.483,2.883,5.939,1.836,7.883,3.833,4.929,1.752,-0.739,4.672,-1.155,-3.143,0.214,-0.443,-1.05,-5.287,-0.178,3.094,-2.789,-4.508
6.417,0.696,3.292,1.021,3.029,0.849,1.174,2.107,-2.444,0.272,3.683,0.804,-0.097,3.354,-2.218,-1.211,-0.013,-1.45,-4.973,-5.952
-1.499,-2.462,-0.548,-0.027,2.456,-1.932,1.208,-2.341,-2.237,-2.065,-1.271,-2.566,-3.098,-2.069,-0.74,-1.553,-0.243,4.812,4.876,7.534
4.713,1.115,2.866,-0.452,3.271,0.878,1.983,0.058,0.698,2.468,-0.331,-0.316,-1.146,0.16,-0.479,0.053,-0.174,0.654,-1.416,-4.008
13.878,7.684,5.742,3.421,12.619,9.236,6.771,14.409,6.079,4.061,5.603,0.874,4.971,6.361,3.834,-1.982,-5.358,-6.013,-9.666,-23.647
6.322,4.549,0.975,1.962,5.085,6.453,3.535,4.911,0.518,0.109,0.364,2.326,2.889,4.291,1.153,-2.344,-2.392,-1.647,-0.892,-8.764
10.049,7.368,7.378,3.038,6.075,6.682,4.939,8.305,7.995,6.29,4.38,-0.067,1.447,1.149,1.629,-0.807,-2.398,-5.442,-9.09,-18.748
0.258,1.931,1.022,1.194,-0.134,1.448,-0.224,0.464,0.847,0.001,-1.424,-1.821,-1.408,-2.59,-2.887,1.077,-0.27,-0.437,-0.954,0.294
-1.276,-1.268,2.108,-1.257,-2.422,2.565,-1.559,-2.32,0.8,-0.162,-1.888,0.253,-1.815,-3.245,-3.628,-3.22,0.123,0.92,0.193,4.54
3.616,1.731,3.659,-1.582,-0.854,2.6,1.549,6.372,-0.53,-0.491,0.294,-0.967,1.427,0.44,-1.284,-0.406,-0.155,-0.549,-3.278,-3.134
22.463,5.929,7.372,19.304,1.357,4.083,5.177,2.299,7.239,6.096,8.128,-10.143,2.058,0.209,-3.071,-4.54,-3.429,-3.287,-13.932,-15.192
-0.4,-1.285,-0.215,1.006,0.61,1.158,-0.55,-2.103,-1.901,-0.209,-0.501,-2.727,-1.041,-1.328,0.14,-1.781,-0.473,0.428,-0.315,1.627
4.692,2.599,2.124,0.836,0.653,-0.205,0.491,1.096,0.113,-0.697,1.161,-0.9,-0.17,3.391,-0.222,-1.567,-2.023,-1.858,-1.712,-2.194
1.363,0.718,1.572,-0.828,-0.087,0.854,2.261,2.707,-1.076,1.422,0.75,-1.234,0.035,-1.272,-0.845,-1.756,-1.722,-0.368,2.617,-1.28
0.618,0.235,-0.198,1.038,-1.932,-0.62,-0.138,0.583,1.439,0.209,-1.18,0.165,0.438,1.362,-1.43,0.57,-0.213,2.937,1.057,-0.715
1.636,-0.784,-1.036,4.783,0.212,2.016,-0.204,0.455,3.59,3.801,1.287,1.081,1.97,0.901,1.509,0.463,-0.932,-2.09,-3.697,-6.308
2.592,2.818,2.898,1.313,2.519,2.181,2.595,6.38,0.871,4.393,3.218,1.263,2.76,-0.501,2.378,-0.159,-2.816,-3.494,-5.303,-11.204
0.981,0.633,2.428,1.92,1.254,-0.455,1.282,0.54,0.614,0.577,1.121,1.288,2.771,1.682,2.499,1.208,-0.087,-1.314,-4.652,-4.326
-0.172,2.525,6.15,-1.89,2.701,4.099,3.23,-0.116,0.589,0.871,-0.086,2.069,1.077,1.456,0.681,-1.686,1.672,0.217,0.039,-5.428
10.434,6.207,3.173,1.827,6.348,7.603,2.366,7.322,2.777,1.087,2.639,4.42,2.101,4.093,2.02,-3.169,-4.096,-2.951,-4.613,-12.913
6.78,-1.077,0.787,-0.518,2.559,5.79,0.443,2.382,0.702,-0.085,-0.916,0.241,-1.23,0.561,2.485,0.478,-2.408,1.053,-2.074,-3.682
3.374,1.502,7.313,27.223,8.593,-2.973,11.512,5.92,16.166,50.041,26.078,20.468,16.64,20.698,16.156,16.422,-2.715,-24.292,-50.198,-45.934
-5.471,-6.296,-5.249,-5.528,34.743,-6.296,-5.253,-5.326,-6.268,35.661,-6.196,-6.136,-6.254,-6.087,-5.549,-6.866,-2.346,-6.819,-2.286,-1.637
2.793,1.458,4.098,8.872,0.248,-0.347,4.289,3.433,7.547,17.301,13.423,7.885,6.836,7.262,7.66,6.119,-0.555,-9.38,-19.11,-23.522
1.625,1.653,1.082,6.526,1.264,1.461,0.462,0.625,2.425,3.83,2.148,4.62,2.286,4.244,3.274,1.55,-1.452,-2.592,-6.064,-7.62
9.731,6.823,6.453,2.515,4.344,9.539,6.037,13.315,3.796,2.162,3.319,1.918,0.584,4.091,-0.059,0.818,-4.064,-5.289,-10.362,-17.606
4.138,4.35,3.936,2.17,3.153,1.056,4.775,4.953,0.887,4.005,0.96,0.587,2.271,-0.887,-0.263,-3.973,-1.678,-1.429,-4.793,-5.317
1.839,1.677,3.311,-0.254,0.96,2.22,10.095,2.52,1.791,2.598,4.167,3.055,5.324,7.003,-0.943,2.185,-4.482,-3.009,-8.438,-10.209
18.739,6.356,3.59,3.366,9.716,13.591,7.154,18.782,5.077,3.6,5.001,2.522,7.569,10.35,5.696,1.492,-8.475,-6.899,-13.571,-33.179
3.978,0.409,0.603,-0.725,1.871,2.017,12.876,5.353,2.379,1.295,3.133,2.331,4.007,11.087,0.614,0.943,-4.606,-1.847,-6.265,-11.669
2.129,1.327,-0.736,-1.24,2.096,-0.893,10.817,3.521,0.987,1.352,1.774,0.881,6.56,9.304,-1.933,0.694,-4.407,-1.053,-5.361,-5.349
8.561,7.311,10.174,6.668,2.624,5.741,7.434,9.39,5.026,10.169,7.941,5.394,6.805,6.768,3.104,1.032,-4.382,-7.407,-14.382,-21.121
6.673,-2.184,-1.243,0.519,7.759,-0.296,1.538,12.535,2.767,-0.642,4.509,1.874,5.078,3.752,3.13,2.988,-3.31,-4.805,-6.019,-9.408
7.544,1.407,4.088,2.736,3.338,3.864,-2.07,10.134,2.704,1.558,-1.566,-0.921,2.092,5.464,-1.286,-0.762,-4.728,-3.358,-2.244,-6.334
1.237,0.215,-0.908,0.587,1.524,-0.06,-1.501,0.165,-0.9,-0.927,-0.441,-0.059,-0.324,-0.513,-0.011,-3.02,-2.211,-0.211,4.042,4.345
6.004,3.398,3.26,3.034,2.021,3.523,1.885,2.996,0.89,1.354,0.556,1.796,2.37,2.137,1.194,0.522,-4.737,-0.003,-7.039,-7.16
7.983,2.767,4.044,1.74,3.222,6.272,1.318,7.871,2.775,0.636,2.904,1.749,1.705,4.567,-0.446,1.193,-2.703,-5.027,-8.596,-12.425
7.264,7.818,4.668,1.801,1.987,6.087,6.124,5.896,2.793,3.528,3.839,1.744,2.013,1.429,0.314,1.718,-3.936,-3.69,-7.188,-13.919
4.831,3.897,8.794,6.068,0.901,4.511,2.233,0.673,0.317,0.494,0.794,-0.134,0.794,1.319,0.286,-3.912,-1.443,0.523,-5.39,-6.473
6.07,3.13,0.929,5.241,5.794,0.844,1.684,1.809,2.756,4.031,1.767,0.477,2.285,1.865,5.459,0.369,1.055,-1.425,-7.051,-10.623
4.716,5.052,2.501,6.938,2.989,5.947,3.163,7.233,4.143,3.168,6.075,2.022,1.639,5.747,1.373,-1.814,-1.738,-4.307,-6.883,-14.885
6.872,5.31,8.199,7.792,-0.844,3.77,7.438,5.163,8.98,14.719,12.725,8.065,7.442,9.155,6.723,3.97,-4.902,-11.7,-19.59,-27.978
4.48,3.142,5.823,8.02,-0.364,0.212,5.514,2.897,7.026,13.428,10.341,7.152,6.682,6.704,7.365,5.665,-1.83,-9.804,-16.071,-20.827
1.427,2.445,0.367,-1.226,3.562,2.406,1.41,0.565,0.232,-0.469,-2.864,-0.122,-1.693,-1.997,-1.282,-0.631,-0.034,-0.63,-2.965,4.741
3.2,-1.451,0.681,-2.396,2.293,-1.163,-1.028,-1.198,-0.46,-1.592,-3.209,-1.581,-2.855,-2.298,-4.877,-4.085,-1.306,0.601,1.767,9.182
3.295,3.324,2.259,4.548,3.604,8.029,1.68,4.836,5.067,0.816,2.54,2.724,-1.185,7.664,2.628,-0.87,-4.902,-2.83,-6.335,-6.401
0.161,0.885,-1.02,-2.435,-0.396,1.254,-2.449,-0.382,-1.814,-0.457,-1.235,-1.077,-0.717,-1.795,-2.495,-1.799,-0.79,2.327,3.825,2.818
1.704,-0.813,-0.852,1.537,3.074,-0.165,-1.214,1.292,0.438,0.442,-0.314,1.177,-0.964,-0.23,0.21,0.751,0.654,-0.041,-1.334,-0.398
4.293,2.872,-1.415,3.823,4.573,3.731,2.852,3.727,4.819,3.106,0.637,-0.107,2.225,0.585,-1.952,-1.883,-2.208,-2.773,-2.358,-4.885
0.723,4.125,0.002,3.372,-0.432,0.177,1.407,-0.861,0.562,-0.852,3.121,0.359,0.197,-0.087,-2.291,-0.057,-1.627,-0.222,-0.242,-1.173
1.539,3.947,5.081,5.259,2.308,0.567,4.127,2.701,14.378,0.687,3.605,-1.515,1.389,5.263,1.195,-1.637,-3.123,-2.474,-7.423,-7.662
2.794,2.939,2.716,3.247,0.922,0.792,3.353,2.14,5.562,5.529,3.538,1.626,1.68,3.664,2.283,-0.013,0.08,-2.985,-9.215,-8.594
2.713,8.481,6.185,0.931,8.072,-1.386,1.75,0.324,8.079,1.929,1.238,-1.507,-0.374,1.474,-1.493,-2.087,-2.496,-1.493,-4.937,-6.32
0.397,6.7,3.357,-1.809,5.719,-1.793,0.63,0.203,6.226,2.287,0.86,-2.224,-0.672,0.322,-1.769,-2.674,-1.515,-0.086,-2.47,-3.243
5.413,4.066,0.972,3.562,4.556,2.183,2.688,0.436,0.51,1.026,-0.693,0.145,0.154,0.354,-2.989,-1.382,-1.393,-2.627,-2.513,-3.683
3.619,3.343,3.159,4.024,4.218,1.147,2.828,5.544,4.42,0.338,1.727,0.792,0.496,0.347,0.462,-2.178,-1.564,-1.151,-4.404,-6.272
0.124,1.37,-0.971,-1.281,1.884,0.575,1.483,-0.769,0.793,0.012,3.135,3.039,-0.611,0.248,-0.864,-0.114,-0.878,-0.111,0.065,-1.547
2.568,-1.296,5.196,3.296,3.331,3.174,0.773,2.932,6.316,-0.763,0.763,2.268,1.557,-0.226,-2.792,5.883,-2.679,-1.239,-0.202,-4.881
-0.466,1.791,3.613,-1.386,1.161,4.217,4.009,0.026,0.683,0.597,-0.136,1.679,0.119,-0.281,2.985,-1.367,-0.352,-0.756,-0.402,-4.306
-0.529,1.157,1.412,-1.227,0.59,0.729,1.387,-0.872,-1.534,0.721,-0.142,0.765,1.851,0.561,0.186,-0.751,0.754,1.13,1.796,-4.885
11.584,3.559,-1.474,8.695,4.659,1.442,1.131,2.317,-0.653,-3.592,13.358,-2.528,1.603,-7.919,2.611,1.536,3.066,0.279,-8.559,-7.132
0.083,2.392,1.835,0.506,1.17,0.912,0.493,0.159,-0.982,1.346,-0.485,0.284,0.822,1.125,1.576,-1.644,-1.494,0.722,0.52,-5.535
12.561,9.295,9.258,9.324,7.172,6.628,5.044,7.994,3.598,3.968,7.762,5.046,5.201,4.423,0.909,-1.76,-4.635,-6.248,-13.303,-13.684
7.421,4.269,4.892,-0.893,4.743,2.364,1.566,3.948,0.481,-8.496,-8.263,-8.738,-2.774,-9.468,-3.161,-21.651,-3.615,10.508,6.337,7.201
6.58,4.61,3.547,5.16,6.171,6.392,2.238,4.827,1.96,0.832,4.093,-2.361,4.868,4.074,-2.7,-0.816,-1.115,0.615,-10.619,-10.541
4.087,4.286,4.585,2.929,3.007,5.359,0.953,5.39,1.719,-0.979,1.725,2.49,1.379,3.773,1.774,-3.65,-2.572,-1.311,-4.171,-9.483
-2.204,-2.133,2.57,-5.075,-2.204,4.523,-1.668,-1.754,-4.172,0.124,-12.852,-6.146,-5.298,-11.891,-10.299,-11.954,-1.09,7.778,4.037,13.712
2.389,-1.899,6.664,-2.571,2.717,-1.754,-2.094,1.273,-0.764,2.519,-2.714,0.246,-3.041,-5.327,-5.979,-2.056,0.318,-2.486,0.02,3.685
3.948,1.208,4.219,1.733,2.473,0.667,-0.15,-0.159,0.159,1.114,1.687,2.119,-0.923,0.982,0.681,1.316,-2.387,-0.955,-0.982,-3.821
3.086,1.193,3.94,1.344,2.408,1.847,2.83,3.887,-0.723,1.053,0.464,4.677,0.127,0.648,2.075,0.014,-1.423,-0.395,-3.34,-7.911
8.31,2.736,4.767,2.533,3.457,2.34,2.196,3.74,3.117,4.234,0.914,0.439,2.825,4.091,1.589,1.115,-3.649,-2.255,-6.18,-12.087
3.331,3.477,3.824,5.188,0.945,-0.63,2.145,1.498,1.578,2.976,2.165,2.529,0.623,3.043,0.254,2.665,-1.599,-1.765,-4.662,-7.236
8.13,3.918,2.765,3.848,5.482,1.223,0.578,1.916,1.081,3.817,1.408,3.065,6.32,2.934,1.057,-0.164,-3.643,-1.174,-6.507,-9.616
3.819,2.337,2.132,2.077,0.905,2.151,1.855,3.821,2.497,3.179,3.27,-1.28,1.313,2.399,2.147,0.15,-1.872,-0.532,-3.951,-7.571
-3.176,-3.636,-2.682,-2.942,18.026,-3.016,-2.177,-3.046,-3.309,19.524,-2.807,-3.106,-3.223,-3.104,-3.158,-3.963,-2.058,-3.091,-1.708,-1.436
0.797,0.006,-0.179,11.1,-2.534,-0.858,3.275,1.016,11.77,21.108,13.743,11.053,6.097,11.71,10.647,12.544,1.99,-9.168,-25.232,-23.827
8.221,6.128,5.003,1.614,1.242,5.923,4.093,6.005,1.13,1.464,1.805,2.126,0.334,2.122,-0.506,-4.664,-3.286,-0.717,-3.038,-5.452
9.199,2.358,-1.515,-0.978,7.923,-0.814,2.864,1.592,2.424,-1.233,-1.025,-2.197,-2.635,-2.991,-0.792,-1.222,-0.406,3.046,0.794,0.904
4.984,6.882,6.245,5.072,5.901,2.762,2.119,5.214,2.656,2.711,0.864,0.085,-0.943,0.699,-0.083,-2.996,-3.597,0.447,-3.399,-5.331
3.642,2.19,3.527,2.381,0.951,2.456,3.813,2.037,1.856,1.64,1.042,-0.372,1.67,-0.154,2.113,-2.115,-2.114,-0.769,-2.415,-6.44
6.056,1.539,3.695,3.373,4.561,3.826,1.854,7.696,4.184,3.361,4.856,2.434,3.732,6.374,5.775,2.322,-4.482,-3.989,-8.089,-10.932
9.449,6.856,4.233,5.451,5.205,4.111,3.853,5.496,2.925,1.944,1.182,3.231,2.591,1.032,-0.272,1.434,-3.129,-3.041,-7.225,-12.701
-4.758,-3.407,0.995,-3.99,-0.871,-4.915,-2.283,-3.36,-1.811,-3.699,-5.86,-3.02,-1.893,-1.17,-0.371,-3.08,0.68,3.123,8.839,9.739
2.011,3.163,5.595,0.34,3.891,2.682,4.901,0.53,-0.742,0.768,-1.306,0.162,1.498,0.748,-0.278,-10.445,-1.38,2.813,1.745,-0.824
-6.464,-3.567,-1.685,-4.734,-5.111,-1.873,-4.372,-4.108,-4.875,-3.531,-5.481,-3.966,-2.889,-4.532,-3.142,-0.692,2.691,3.446,6.646,13.289
-6.996,-6.307,-6.817,-1.117,-8.522,-7.338,-5.605,-3.344,-7.557,-2.767,-2.698,0.737,2.159,-1.244,8.341,4.737,-4.198,19.555,22.297,-15.349
1.273,-2.109,2.119,-3.253,-2.782,-0.366,-1.542,0.007,-1.578,-2.189,-1.573,-0.601,0.77,-1.026,-1.755,-0.774,3.04,0.481,1.774,3.864
-3.006,-2.646,-2.902,-0.301,-3.237,-0.163,-1.274,-2.426,-0.405,-2.939,-2.545,-0.837,0.19,-2.513,-2.18,-3.603,-0.709,2.919,1.279,8.83
-4.426,-2.597,-3.543,-4.578,-4.935,-1.541,-4.086,-3.647,-4.026,-2.969,-4.608,-2.625,-1.993,-2.633,-0.389,-1.472,1.028,1.154,5.93,14.242
3.049,2.27,6.603,5.694,1.274,3.721,2.826,1.536,3.623,8.56,6.221,5.732,3.522,4.488,1.113,0.29,-1.107,-4.886,-10.748,-14.316
9.402,8.102,-3.58,8.64,-0.866,-1.297,4.694,12.504,4.179,1.1,1.81,4.004,2.902,1.718,8.15,-2.616,-2.409,-2.219,-9.337,-7.637
-3.07,1.003,0.313,-2.223,-2.678,-0.423,-0.538,-1.303,-0.396,-2.445,-2.353,2.167,0.057,-2.566,-0.658,-1.384,-0.028,2.49,4.022,3.16
-3.273,-3.203,-3.979,-2.299,0.827,0.073,1.745,-3.428,-1.902,-3.53,1.235,-3.228,-3.289,9.862,-4.054,-4.153,-2.9,-4.303,-1.283,-0.781
2.245,1.622,1.058,0.548,0.715,-0.203,0.058,0.544,-0.862,0.911,-0.082,0.43,-1.738,0.055,-0.248,0.246,-1.732,0.844,1.254,-3.359
4.956,3.772,3.687,7.529,3.172,1.799,4.654,6.164,4.146,5.503,6.584,3.455,4.872,3.999,6.98,1.681,-2.747,-5.825,-10.275,-19.899
-0.692,1.252,-0.779,1.15,1.336,1.969,-1.306,1.298,0.922,-0.666,-1.073,-1.075,-1.507,-1.231,1.329,-0.788,-2.482,-0.315,1.678,-4.778
1.442,1.896,0.609,0.945,2.452,2.646,-0.366,1.372,2.135,1.711,1.247,-0.326,-0.501,-0.164,1.793,-1.255,-1.257,-1.279,-2.801,-2.463
1.214,0.484,-2.242,-0.408,-1.489,-0.466,-1.025,2.19,-2.245,-2.118,-0.621,-0.727,0.492,-0.999,0.991,-0.103,-1.951,0.568,2.717,-1.445
0.273,-0.504,0.02,1.785,0.137,0.911,-1.049,-0.514,-1.564,1.053,0.68,-1.708,-0.757,-0.968,0.688,-2.376,-0.657,-0.747,2.431,0.59
-4.671,-2.309,-3.633,-4.406,-3.954,-0.337,-2.695,-3.15,-2.181,-1.626,-3.155,-1,-0.921,-2.028,0.813,-0.658,1.106,0.797,2.505,12.457
0.742,0.893,2.931,1.766,0.89,-0.185,1.294,-0.9,-0.251,-0.995,-2.385,-1.154,0.273,2.322,4.632,-1.142,1.255,0.737,0.036,-6.094
8.126,2.322,5.827,5.965,5.355,2.246,2.137,3.843,2.578,7.635,4.237,2.992,3.677,6.363,0.893,3.53,-5.153,-3.061,-8.715,-16.946
4.989,2.412,2.712,4.719,2.468,7.244,2.993,2.564,-0.642,1.051,5.034,0.27,7.435,0.157,-0.189,-2.665,0.711,-1.292,-5.508,-7.928
-1.639,3.177,1.635,-0.892,-1.106,0.158,1.268,-0.297,1.107,-2.253,0.447,2.937,2.312,-0.272,2.9,-0.752,0.14,1.323,-2.351,-2.503
10.964,4.617,-2.272,9.473,4.459,1.197,0.895,1.677,-0.203,-2.996,15.178,-3.129,1.26,-5.049,4.753,2.693,3.21,-0.752,-9.667,-10.311
5.824,6.718,7.073,6.584,-1.897,2.96,7.984,4.308,8.746,17.838,14.595,8.381,7.744,9.212,9.969,4.853,-2.025,-10.191,-19.624,-24.405
-4.454,-3.705,-1.632,-3.061,-3.046,0.72,-2.814,-0.511,-0.879,-4.393,-2.291,-2.656,0.567,-4.232,-2.32,-3.18,-0.608,1.818,3.701,9.555
-1.549,-0.18,-0.829,-1.908,-1.348,3.672,-2.527,-0.275,0.013,-0.049,-0.498,0.244,-0.234,-3.726,-0.842,-0.821,-0.305,1.981,1.814,3.279
1.256,1.159,-2.426,1.42,4.805,3.054,0.345,0.575,1.501,-1.346,2.093,1.291,0.808,-0.732,-1.215,0.758,1.086,0.964,-2.766,-2.829
-4.445,0.012,-1.287,-1.519,-3.319,0.276,0.313,-1.801,-2.128,-1.456,-3.551,0.842,-0.414,-3.654,-3.913,-1.136,0.333,3.334,5.371,1.889
-1.688,-2.628,-2.648,-1.5,0.835,1.504,1.054,-1.11,-1.232,-2.594,1.432,-1.509,-2.383,8.03,-3.349,-3.439,-3.685,-4.151,-1.215,-1.986
4.073,3.057,1.311,2.713,-2.222,2.7,1.789,1.683,5.567,9.082,6.262,3.959,1.083,5.231,3.772,3.288,0.138,-4.753,-9.831,-15.47
-2.015,-0.63,2.156,-0.294,-3.057,-0.289,-0.151,-1.208,0.654,-0.539,-0.121,0.668,1.011,-1.198,-2.861,-0.13,0.793,1.162,0.276,1.291
2.488,-1.296,0.53,0.651,0.365,-1.169,2.172,-1.292,0.642,-0.712,-0.111,-1.427,-0.992,-0.111,-0.867,0.892,3.114,1.005,-0.026,-1.478
4.41,5.225,2.624,5.095,10.318,3.343,2.319,6.78,4.47,5.697,2.115,-1.112,2.222,-0.078,0.092,-0.842,-3.074,-3.154,-6.935,-9.356
2.682,-0.479,-1.329,-0.139,0.446,-0.952,0.634,-0.294,-0.306,-0.826,0.052,-1.271,-0.458,-1.395,-1.005,0.782,4.183,-0.955,1.029,-0.211
0.559,-0.458,-0.117,1.957,1.11,-0.096,-1.749,1.33,-1.662,-0.821,-0.111,1.334,-0.827,0.151,-2.213,-1.766,0.723,-1.384,1.921,1.343
4.469,3.728,2.381,3.152,2.017,-0.621,3.205,0.962,1.323,2.902,-0.087,-0.475,-1.027,-0.333,-0.395,-2.16,-1.289,-0.347,-4.047,-2.807
4.524,3.151,2.069,0.546,2.819,0.117,3.113,3.985,2.242,1.837,2.366,0.19,1.487,0.105,0.326,1.511,-0.589,-1.661,-3.552,-7.011
3.072,0.895,0.443,0.184,3.417,0.262,-0.514,-0.513,0.539,-1.323,-1.862,-0.689,-0.9,-1.378,1.519,-1.276,-1.942,0.503,2.454,-1.623
3.956,0.693,3.746,0.768,3.9,3.812,4.108,2.849,0.166,2.922,1.057,-1.449,1.115,0.46,-0.603,-1.31,-0.552,-0.349,-2.341,-3.635
8.778,2.184,3.123,0.479,7.667,4.312,3.548,13.27,4.048,2.473,5.492,4.188,5.929,6.114,2.704,2.138,-4.813,-7.614,-10.195,-20.097
2.548,0.569,2.194,1.238,0.823,-0.291,-0.721,1.329,1.258,-1.008,2.41,0.5,1.25,-4.614,-1.399,-0.852,0.03,-0.007,-2.33,-1.75
0.008,-0.424,-0.237,10.124,-2.756,-1.438,2.125,-0.058,8.239,17.266,10.995,9.078,3.69,8.723,8.959,10.425,2.73,-8.468,-18.397,-22.931
0.707,-1.783,0.193,0.322,2.768,-2.03,0.419,-1.335,-2.555,-3.229,-0.083,-1.116,-2.376,0.366,-0.905,-1.631,0.031,3.371,2.412,6.98
10.088,4.53,-2.166,8.173,3.63,0.782,0.599,1.606,-0.551,-2.797,13.458,-2.869,0.819,-4.995,4.312,2.254,2.509,-0.873,-7.88,-8.92
0.188,-0.852,0.011,2.294,0.16,0.318,-1.677,0.441,0.232,-0.376,-2.335,-1.381,-0.313,3.179,0.461,1.002,0.994,-0.115,-1.31,-2.377
3.724,-1.246,2.183,-1.59,0.113,-0.697,0.999,-0.432,-0.677,1.564,-0.17,1.203,0.357,-0.161,1.014,-0.678,1.023,-0.756,1.623,-0.742
-1.166,-2.915,-1.357,-0.767,-3.518,1.886,-2.697,-1.156,-3.566,-1.811,-4.988,-3.349,-2.013,-4.027,-4.215,-1.997,0.387,1.803,4.885,14.387
0.012,1.08,2.851,0.11,-0.88,1.518,2.219,1.169,-1.135,-0.443,-1.757,-0.465,-0.173,-1.987,-2.878,-1.252,1.305,-0.688,-1.94,1.365
-4.315,-4.477,0.56,-4.139,-4.528,-0.659,-3.32,-3.596,-2.96,-3.535,-9.499,-4.879,-4.013,-7.026,-6.476,-5.691,-2.068,6.729,7.454,14.407
3.047,0.602,4.061,3.218,3.868,-0.734,7.535,-1.054,2.57,-1.164,-0.716,2.823,-0.869,0.465,-4.242,-2.356,-0.649,1.103,3.511,-3.152
4.752,1.96,1.216,0.191,0.092,1.641,1.151,1.036,-2.096,0.341,0.452,-1.588,0.37,-3.544,-1.26,-1.052,-0.327,-1.325,-2.196,3.255
-6.081,-3.217,-1.554,-3.572,-3.621,-2.496,0.699,-2.884,-3.416,-1.852,-4.308,-4.375,-1.269,-3.341,-2.104,-1.84,0.491,2.767,7.591,9.105
6.81,5.426,7.649,6.161,-1.317,3.237,7.649,5.233,8.482,16.616,13.562,7.652,7.454,8.526,9.085,4.711,-2.714,-9.103,-20.309,-24.441
3.089,3.768,1.31,2.112,5.728,0.759,4.272,2.647,0.622,2.992,1.513,1.246,2.617,0.387,-2.422,0.615,1.324,-1.611,-3.865,-7.159
-3.452,-4.664,-5.592,-4.272,-4.751,-5.297,-2.937,-4.064,-2.484,-7.163,-2.928,-6.272,-2.299,-5.338,-1.592,-5.837,-0.464,4.594,9.494,14.436
4.131,0.313,7.359,2.761,3.18,-1.061,-2.176,2.445,0.94,2.042,0.763,-1.131,0.436,-0.005,-0.877,0.973,-1.352,-0.843,-2.191,-4.594
3.87,1.489,0.565,2.99,4.118,2.522,1.471,1.179,0.374,2.262,0.992,-0.901,-0.969,-0.775,0.169,-0.718,-0.17,-0.198,-4.141,-4.309
3.048,-0.056,2.085,-1.099,3.581,3.276,0.123,0.891,-0.755,0.749,-0.556,-2.559,0.484,1.56,-2.402,-1.184,0.571,-0.262,-0.914,0.564
12.684,11.23,7.517,2.433,10.381,7.809,0.911,11.398,6.528,3.447,3.614,4.43,3.228,6.976,-1.404,0.573,-5.024,-4.487,-13.092,-23.571
2.449,1.524,-0.836,0.894,-0.094,0.317,0.486,2.733,1.283,0.103,0.937,0.74,-0.168,0.556,2.095,-1.205,-1.541,-2.783,-0.05,-3.989
2.775,1.522,2.243,3.865,2.528,0.278,0.704,0.571,0.363,2.535,3.798,1.849,1.109,2.551,-1.853,2.374,-0.428,0.744,-4.456,-4.997
7.483,1.433,1.408,6.799,3.641,5.558,-2.335,9.089,0.249,-0.179,-1.464,1.062,1.434,4.993,-0.906,-0.435,-3.922,1.017,-2.718,-6.508
0.625,2.263,5.183,-0.91,3.918,-1.108,-0.278,-0.195,0.501,-0.536,-2.184,1.178,-1.246,-0.12,2.693,-4.259,0.336,-0.06,-0.647,-1.459
3.155,1.773,5.28,2.191,5.196,2.01,1.307,2.515,3.955,3.712,3.155,3.509,1.386,-1.523,-1.173,1.762,1.025,-1.153,-8.095,-11.251
2.313,0.089,-1.009,-0.698,0.418,6.253,3.876,1.098,0.197,1.293,0.535,0.981,-0.643,2.832,-1.192,1.412,-0.184,0.061,-3.618,-5.404
0.929,0.136,-0.604,1.389,-0.624,-3.045,1.558,-0.621,0.17,-0.938,-3.692,-1.182,0.133,-1.263,1.047,-4.998,-0.222,2.281,1.864,2.486
5.428,3.825,-1.393,5.608,3.365,2.456,1.052,0.727,-0.099,-2.283,6.071,-2.184,1.228,-3.352,2.051,1.023,1.25,-0.242,-6.874,-7.55
11.334,5.015,5.156,2.625,3.733,4.012,5.844,6.407,1.562,0.149,2.827,1.375,2.41,4.629,1.893,1.212,-2.448,-2.335,-6.535,-13.207
-9.924,-3.942,-6.181,-7.306,-8.523,-3.969,-4.826,-7.756,-8.175,-5.485,-6.048,-6.62,-4.206,-6.628,-3.093,-1.816,-0.267,5.13,16.721,13.412
-3.121,-2.012,-0.07,-0.496,-3.235,0.647,-3.421,-0.495,2.451,-1.679,-1.849,0.413,-1.485,-1.144,-1.63,-1.178,-0.654,-0.353,3.452,4.945
2.798,2.194,0.827,-0.135,2.451,0.402,0.426,2.993,-0.619,0.984,-0.874,-0.185,-0.73,-0.989,-2.096,-1.723,-0.659,1.983,-1.449,0.783
0.851,1.768,4.54,-0.835,-0.835,1.714,2.37,0.584,-2.941,-0.221,-6.406,-3.418,-2.385,-4.895,-0.827,-9.472,-2.023,4.289,2.61,3.797
3.04,2.854,2.813,2.214,2.633,2.877,1.624,2.961,0.67,-0.125,-0.559,1.095,-0.498,-1.212,-1.133,-2.395,-1.21,0.901,-1.8,-0.565
10.86,8.59,8.494,1.83,8.084,5.285,5.717,6.583,1.114,2.577,-1.608,0.753,0.435,-0.181,-3.902,-6.261,-3.638,0.649,-5.397,-5.099
2.613,2.596,4.863,2.216,4.314,4.222,2.141,0.911,2.458,1.04,2.82,0.027,1.934,5.126,1.815,-2.441,-3.695,1.25,-5.118,-7.806
8.157,6.346,4.683,2.536,5.202,4.478,4.141,6.502,0.809,2.576,1.142,-1.115,4.005,1.446,0.341,-1.826,-4.043,-1.226,-4.295,-7.661
5.803,3.248,3.931,3.653,5.149,0.815,2.083,4.265,2.513,2.328,-1.581,-1.002,-2.187,-1.192,-1.852,-4.755,-1.871,0.076,-0.977,-0.625
6.182,1.589,7.094,1.621,4.228,3.114,1.505,3.201,7.156,1.574,1.641,-0.878,0.334,0.796,-0.358,5.445,-3.655,0.012,-2.915,-8.204
7.135,0.867,1.587,0.169,3.636,5.686,0.833,2.902,0.93,1.752,0.586,0.943,-1.478,1.403,2.318,1.276,-3.786,1.153,-3.728,-6.282
-0.097,-0.307,-0.118,10.223,-2.735,-1.418,2.183,-0.044,8.148,17.13,10.964,9.184,3.707,8.579,8.88,10.126,2.756,-8.49,-18.38,-23.222
0.176,-0.31,-0.313,10.201,-2.949,-1.384,1.942,-0.126,7.975,16.944,10.518,8.729,3.303,8.86,9.025,10.239,2.673,-8.21,-18.018,-22.153
11.852,4.873,-1.164,10.327,6.387,2.428,2.714,3.106,-0.908,-2.406,14.568,-1.644,0.291,-5.887,3.675,2.518,4.31,-0.774,-10.521,-9.574
-0.393,-0.855,-0.601,0.46,-0.984,-1.226,2.19,-0.535,-0.052,-1.507,0.596,-0.258,0.181,1.741,-1.655,-0.73,1.867,2.099,2.251,-4.265
1.549,0.753,-1.251,1.798,4.959,7.572,4.19,2.966,8.585,-1.605,2.292,3.759,-0.696,2.443,1.446,-3.311,-1.231,-3.076,-5.806,-5.859
1.046,0.66,0.388,-1.221,1.101,0.806,-0.371,0.984,0.487,1.589,-0.445,-1.531,-0.649,-1.493,0.08,-2.325,-0.878,1.064,0.676,0.863
6.487,4.64,4.507,-1.137,3.915,1.686,-1.105,6.905,-0.187,1.506,0.957,1.231,1.159,0.199,-1.619,-1.449,-2.091,-1.433,-3.031,-4.742
8.231,6.046,6.295,7.44,9.794,4.362,3.401,7.099,4.53,3.774,6.081,1.085,3.841,2.604,0.527,0.419,-4.42,-3.514,-10.69,-17.191
-4.03,-2.296,1.655,-2.402,-3.339,3.044,-2.514,-0.282,-2.197,-0.232,-2.268,0.099,-3.735,-5.109,-2.395,-2.976,0.726,0.232,-0.843,10.237
0.89,4.241,-0.896,0.581,0.813,2.582,2.75,0.763,-1.47,-0.295,0.61,3.926,0.801,2.276,-0.969,-1.383,-1.309,-2.51,0.477,-2.89
-0.354,3.254,2.366,1.697,0.523,2.584,-0.943,0.541,1.41,0.577,-0.527,0.151,1.456,-1.767,-2.443,-2.526,0.674,-0.575,-1.569,0.758
1.066,2.666,2.264,3.908,3.132,4.567,2.187,3.988,2.432,1.932,3.411,0.76,1.646,1.664,1.249,-2.02,-3.905,-1.602,-4.499,-4.296
8.847,5.858,4.755,1.515,6.933,2.464,-2.29,2.888,2.67,1.775,-1.693,2.067,-0.3,3.832,-1.885,0.6,-3.775,-0.241,-4.928,-6.73
1.544,-0.077,1.398,-1.192,1.719,2.499,-0.881,1.602,0.95,-1.018,3.877,1.023,-0.195,0.699,-0.162,-1.388,-1.17,0.046,-0.622,-3.674
2.295,1.592,2.98,0.817,1.63,1.278,3.857,2.274,-0.589,-1.832,-1.799,0.748,-0.883,-1.574,-2.263,-3.31,-1.134,0.303,3.206,0.343
0.43,-1.281,1.119,1.39,1.988,0.141,1.627,0.155,-0.168,-1.363,0.203,-3.008,-1.115,-2.227,-1.049,-1.793,-2.183,2.403,2.272,3.369
-0.691,1.895,5.966,0.801,3.096,0.702,7.013,0.512,0.71,-0.566,-1.309,4.56,-1.624,2.618,-0.922,-2.363,-1.489,0.149,3.595,-1.263
0.146,1.444,-0.353,-1.054,1.962,3.187,3.358,-0.05,3.055,1.84,1.699,0.963,1.205,1.38,1.736,3.744,0.554,0.308,-6.524,-7.468
-6.154,-3.286,-1.06,-5.464,-5.158,-2.952,-1.752,-4.979,-3.855,-6.553,-6.609,-4.42,-2.138,-6.155,-2.764,-1.068,-0.609,2.657,2.546,17.647
-1.336,0.321,0.824,0.295,-2.235,-0.092,-0.917,-0.087,-0.733,-2.172,-3.739,-2.068,-1.972,-2.082,-1.245,-2.81,-0.47,2.449,1.946,4.735
-0.294,0.325,-0.626,-0.076,0.207,-0.739,-0.368,-0.446,0.733,-0.682,-0.606,2.581,-3.34,0.136,-1.434,-0.888,0.749,0.766,-4.021,3.25
3.093,1.82,4.63,9.102,0.236,-0.231,4.812,3.6,7.429,18.174,14.107,8.376,7.386,7.441,8.24,6.172,-0.975,-9.715,-20.29,-24.492
2.961,1.929,3.343,1.004,0.966,1.86,0.679,2.409,2.49,-0.187,-0.731,0.086,-1.051,1.065,-1.142,-3.03,-1.728,-0.396,-1.242,-0.514
2.621,1.201,5.181,2.097,3.222,0.473,0.32,2.884,1.223,1.176,1.277,0.605,-0.871,-2.104,-0.802,0.122,0.185,0.525,-4.375,-3.497
3.279,1.554,4.673,-0.715,2.065,3.434,2.495,4.153,0.404,1.014,1.059,-1.134,0.767,0.471,0.064,0.566,-2.691,-1.85,-3.655,-7.848
-4.147,-2.783,2.761,-1.163,-3.857,1.098,-3.416,-2.28,-2.414,-1.395,-9.564,-1.586,-5.079,-4.214,-4.978,-5.464,-1.148,2.597,5.184,11.68
1.781,-1.271,1.416,-0.56,2.377,0.831,-0.952,1.115,0.947,0.663,0.851,0.755,-0.15,-0.183,0.084,-1.647,-2.258,-1.5,-0.695,-0.399
1.637,2.279,0.8,2.285,1.007,-0.006,4.319,1.676,1.253,0.251,2.127,1.249,1.173,4.159,-1.429,-1.2,-1.262,-0.003,-2.554,-5.163
-5.16,-0.94,-4.596,-5.176,-3.159,-3.433,-2.739,-4.462,-5.168,-4.513,-4.134,-3.749,-2.769,-3.011,-2.368,-1.51,2.498,2.542,7.61,10.105
0.917,-0.188,-0.589,2.342,0.944,1.34,0.709,1.664,2.473,-0.718,1.399,1.535,-0.958,-0.819,-1.782,0.999,0.196,-1.249,-2,-0.658
0.693,2.515,3.33,0.371,0.258,-0.539,2.711,0.529,-0.413,1.071,-2.077,2.238,1.149,-0.037,0.867,-6.837,0.014,-0.145,2.735,0.081
-4.319,-1.868,0.115,-2.879,-1.125,-3.046,-1.481,-2.268,-2.376,-3.11,-3.386,-3.102,-0.954,-1.912,-1.073,-2.732,1.671,1.482,3.45,7.456
-1.191,0.948,0.901,-0.09,0.309,-0.544,1.525,-0.117,-1.061,-1.333,-4.74,1.363,0.852,-0.902,1.359,-6.975,0.197,1.384,2.419,2.867
-0.461,-2.092,0.183,-0.433,-1.038,0.295,-1.337,-0.209,-0.973,-0.265,-1.271,-0.814,-0.837,-0.321,-3.11,-0.304,-0.215,0.215,2.408,0.767
7.191,1.092,1.994,8.057,2.237,2.697,1.645,-0.052,1.033,3.116,3.991,-1.472,1.135,-0.127,-1.143,-0.499,-0.06,-1.434,-5.552,-6.918
4.192,-0.355,2.968,0.015,0.048,1.066,0.782,-0.186,-2.284,-0.652,-6.481,-3.588,-2.176,-2.188,-2.62,-6.924,-1.364,1.924,1.095,3.202
1.561,2.073,1.774,5.162,2.054,-1.557,5.259,2.078,6.618,13.121,8.557,4.096,4.209,4.324,3.697,4.964,-0.098,-5.808,-15.259,-19.846
3.414,0.761,0.881,1.781,1.878,0.238,-1.952,0.947,1.343,0.752,0.809,1.737,1.937,0.195,0.988,0.945,-0.035,-0.252,-1.529,-1.588
-0.166,1.031,1.377,0.118,3.911,-0.609,0.869,-1.23,2.239,-1.311,3.117,0.269,1.66,-0.329,3.255,-2.569,-1.172,-0.369,-0.651,-3.023
3.87,4.629,0.834,0.035,3.804,2.067,3.088,0.848,1.163,2.454,-1.487,1.43,1.998,-1.785,0.757,-0.427,-3.776,-0.612,-2.915,-4.152
-0.752,0.022,-0.783,12.765,-3.527,-1.629,3.221,0.15,12.947,21.403,12.296,11.08,4.563,11.149,9.813,12.936,3.147,-9.921,-22.874,-25.037
2.542,0.272,2.996,0.519,1.925,1.671,0.939,0.092,0.258,0.689,0.559,1.411,0.854,-1.414,-0.73,-5.935,-0.741,2.101,1.292,0.258
1.643,3.763,3.313,0.602,0.797,6.768,-1.729,1.495,7.149,-2.699,-2.935,0.113,-0.399,3.105,0.168,-3.891,-3.49,-6.356,-7.738,-13.758
1.061,2.897,3.288,0.688,1.385,1.389,1.145,-1.961,-1.03,0.289,-0.494,1.763,1.108,-0.317,1.56,-2.818,0.494,1.855,0.885,-4.518
-2.874,-0.505,3.049,-2.773,2.596,-2.622,-0.05,0.784,1.042,-2.266,-1.814,0.09,1.678,-0.401,4.005,-4.967,0.894,2.085,2.069,-2.283
5.282,5.517,2.095,0.889,3.001,2.151,1.796,4.057,4.858,2.983,1.546,2.047,0.811,2.435,0.219,0.678,-2.263,-2.049,-3.064,-7.005
-0.659,0.081,-3.078,-1.914,1.561,0.377,1.381,-1.178,0.368,-3.016,-0.249,-0.724,-0.495,-0.899,1.539,-2.9,-1.137,1.485,4.682,1.864
4.327,6.76,3.368,3.539,6.007,0.882,2.891,3.234,3.697,1.541,4.085,-0.206,0.741,0.639,0.631,0.797,-3.17,-3.025,-5.04,-9.982
1.769,1.588,3.744,0.208,3.266,-0.403,4.648,0.445,0.993,-0.922,0.129,2.88,-0.753,-0.645,-2.057,-4.419,-1.372,0.032,4.773,-0.45
-0.768,-0.532,0.234,-0.295,-1.261,1.072,0.107,-1.476,-2.301,-0.816,-2.29,-3.594,-0.451,-1.615,-0.606,-2.833,-0.702,1.732,1.462,2.31
5.274,3.549,5.969,2.965,4.736,6.064,5.408,4,1.18,3.651,7.047,5.08,0.958,4.911,1.862,-0.363,-1.099,-3.737,-5.866,-14.121
3.251,3.373,1.743,4.161,1.741,2.36,1.929,3.548,5.162,4.82,5.322,3.673,5.144,2.925,3.582,2.36,-0.909,-4.198,-9.747,-13.796
-2.538,-2.629,0.079,-0.582,-2.044,-1.449,-1.273,-1.433,-0.823,-2.507,-2.254,-3.255,-0.564,0.188,2.263,0.82,-1.122,1.222,4.863,-1.276
5.127,4.747,4.096,0.877,3.862,4.049,2.243,7.377,3.546,3.082,0.905,-0.802,0.745,-0.271,1.355,0.081,-4,-2.854,-6.05,-8.682
-0.35,1.108,2.085,-1.309,1.408,1.006,-0.936,0.017,-1.285,0.586,-2.917,1.256,-2.216,-0.774,-1.67,-1.499,-0.673,-0.002,0.642,3.316
-3.061,0.429,-0.901,-4.383,-2.736,-3.461,-1.521,-1.467,-1.828,-2.02,-5.078,-2.496,-1.708,-1.804,0.743,-5.528,0.797,3.713,4.4,5.03
2.447,4.564,-0.036,-0.617,8.228,4.222,-0.399,5.349,4.392,6.031,0.635,0.521,-0.162,-2.726,-2.615,-1.996,-1.034,-1.395,-7.717,-6.565
-4.507,-4.427,2.145,-3.312,-4.085,1.229,-4.702,-2.5,-2.977,-2.127,-8.605,-1.522,-5.05,-4.712,-4.113,-4.319,-2.312,2.585,5.767,12.423
0.42,0.345,0.869,1.743,-0.634,2.285,0.155,-0.078,0.494,2.271,-0.008,1.492,0.717,-1.346,-2.882,-1.786,0.699,-0.367,-0.932,-1.53
8.293,5.853,5.506,3.594,7.299,7.614,4.444,6.167,2.003,4.078,-1.355,0.585,1.02,-0.393,0.188,-7.021,-3.5,0.483,-5.471,-4.368
7.14,4.739,5.685,1.531,5.609,6.196,2.88,5.837,1.465,3.721,0.26,3.033,2.681,0.007,-0.173,-5.805,-2.221,1.454,-6.657,-7.079
0.828,3.817,3.73,1.021,1.574,2.693,5.374,-1.333,-0.955,-0.637,-2.123,0.908,-1.332,-0.483,-1.273,-7.278,-1.316,3.62,0.415,0.727
0.765,1.802,0.964,7.969,-2.308,-0.583,3.284,0.708,9.793,17.209,13.147,9.009,4.855,8.28,9.662,10.109,2.401,-8.959,-21.27,-22.179
4.041,1.928,-0.076,-0.382,0.633,1.692,-0.515,1.427,0.393,-0.318,1.62,-1.429,-2.466,-2.26,-0.225,-1.443,-0.334,2.435,-0.319,1.309
5.919,1.23,-1.916,-1.047,3.18,-0.904,0.219,0.107,1.332,-2.575,2.797,-2.886,-1.795,-0.791,2.724,-1.064,0.173,2.258,0.327,-1.812
-3.046,-3.191,-4.01,-6.533,-5.085,-4.18,-2.948,-3.275,-3.336,-4.691,-5.912,-4.82,-3.886,-4.699,-0.766,-2.744,0.327,1.974,9.788,11.781
-5.413,-0.958,-2.105,-4.34,-3.606,-1.762,-2.849,-1.885,-4.358,-4.585,-5.759,-2.77,-2.287,-4.019,-1.866,-0.431,-0.05,1.852,4.496,10.438
4.196,2.62,3.212,1.149,3.259,0.146,-0.097,-1.218,0.086,0.177,-0.529,1.468,0.709,1.809,1.543,1.242,-1.265,-1.134,-4.28,-6.456
5.35,1.414,1.546,2.14,-0.168,-0.334,1.906,0.541,1.459,0.44,1.703,-2.085,1.048,-0.325,-1.051,-0.809,0.015,0.387,-3.149,-3.277
1.878,2.628,2.032,1.575,-0.367,5.796,1.58,1.44,-0.072,-0.474,0.697,-0.841,1.235,1.495,-1.001,-0.043,-1.618,-1.159,-1.656,-3.612
3.783,0.652,4.203,0.651,0.749,1.819,-0.227,3.898,0.59,1.134,-0.028,-0.119,1.312,1.784,1.909,0.077,-0.473,-0.595,-2.345,-5.722
2.453,3.972,3.44,2.036,2.661,2.641,2.723,4.535,0.874,0.404,0.931,4.423,2.27,2.622,-1.04,-3.274,-3.002,-0.406,-1.381,-4.859
-1.26,-1.124,2.318,0.515,-0.375,1.609,0.758,-0.974,-1.015,0.041,-1.516,-2.246,-0.289,-1.377,-3.92,-1.05,-1.683,0.483,0.36,4.035
5.882,1.266,2.655,2.389,3.088,2.01,0.093,3.102,3.451,0.889,1.582,-1.452,0.618,-0.108,-0.67,-0.886,0.386,-1.766,-2.682,-4.82
9.253,5.595,3.615,4.222,4.929,5.916,3.218,6.273,3.919,4.878,3.302,1.718,2.859,1.456,0.521,0.348,-1.729,-3.893,-7.605,-13.014
-0.607,5.585,3.893,-1.223,7.025,0.439,2.304,-1.23,2.585,-0.943,2.64,3.94,1.996,4.607,3.782,-5.588,0.833,-0.317,2.375,-8.257
4.097,3.814,3.133,2.927,4.662,3.611,2.513,1.669,2.101,5.97,1.913,2.226,1.975,1.927,-0.449,0.323,-1.352,-2.499,-6.248,-9.871
-5.543,-5.132,1.47,-2.678,-4.557,0.871,-5.335,-2.308,-2.866,-2.293,-7.741,-1.176,-5.072,-4.162,-4.247,-4.424,-2.143,3.041,6.72,14.134
1.648,4.748,3.811,0.333,3.532,0.139,3.416,-0.509,-0.229,-0.737,0.705,1.962,3.451,2.664,2.437,-4.878,0.562,2.234,-0.594,-6.981
10.505,9.351,7.689,6.146,6.727,5.134,5.604,4.936,3.304,2.984,1.763,1.733,0.51,0.891,-2.286,-2.578,-2.192,-4.025,-7.398,-11.269
6.047,5.029,7.721,2.511,6.797,3.758,2.347,5.493,2.074,3.517,1.38,0.522,0.81,-0.565,-1.068,-3.754,-2.369,1.84,-4.489,-6.319
3.397,6.71,4.132,-0.071,1.966,4.265,4.365,3.494,-1.05,-0.399,-3.931,-1.43,-0.561,-3.611,-6.126,-3.177,-4.586,-0.081,-0.47,2.338
1.771,4.045,0.195,2.16,5.027,2.976,2.757,1.024,0.186,0.561,1.735,2.51,0.812,1.978,-0.013,-0.158,-2.307,-3.014,-3.104,-6.099
1.53,4.315,-1.73,-0.083,2.682,3.383,0.69,-0.645,1.767,-1.293,1.423,0.11,0.515,-1.582,-0.693,-1.044,0.804,0.95,-1.043,-0.45
1.453,2.658,-2.909,1.416,3.827,4.226,1.939,0.009,1.649,-2.224,1.72,0.946,0.268,0.537,-1.111,0.768,2.116,2.133,-3.782,-3.897
7.923,2.603,5.086,4,3.731,4.386,2.638,2.758,-0.096,0.253,2.606,0.548,1.386,0.996,-0.552,-5.245,-1.556,-0.108,-4.371,-4.66
-8.026,2.015,-5.277,0.086,-3.022,-2.053,3.124,0.966,0.62,0.985,13.845,13.552,7.135,14.852,10.469,25.88,17.414,-7.073,-25.456,-42.211
10.037,8.962,8.086,4.242,7.481,10.736,5.543,8.821,3.983,3.213,5.208,1.299,3.228,4.68,-0.713,-0.766,-4.548,-7.768,-11.344,-18.606
13.489,5.63,3.42,0.49,8.164,8.446,5.433,14.633,3.905,3.076,5.32,3.658,5.405,6.878,3.609,1.187,-6.143,-8.313,-9.391,-24.44
-1.526,-1.061,2.064,1.885,2.708,0.209,2.282,-1.773,0.325,-2.835,-2.313,0.362,-1.317,-0.369,-3.941,-3.028,-0.122,1.424,5.358,3.936
-1.582,-0.189,3.005,-3.572,-3.274,1.832,0.617,-2.873,-1.147,-2.91,-5.725,-0.951,-1.161,-1.517,-2.132,-5.994,-1.789,-0.097,2.249,7.291
2.092,1.8,4.447,0.36,1.753,1.996,0.18,0.327,1.307,-0.563,-2.219,1.287,-0.343,-0.189,-1.015,-4.02,-0.008,1.993,1.074,-0.001
-0.797,0.564,4.958,-0.824,-0.304,0.748,0.544,-1.069,-0.784,-0.655,-4.86,-2.657,-2.47,-1.298,-0.436,-4.488,-0.673,3.496,3.905,3.696
3.018,1.044,1.815,1.754,1.962,3.814,-0.726,5.654,5.076,5.55,0.696,1.68,0.679,3.894,0.808,0.423,-3.43,-2.396,-3.997,-7.776
1.187,-0.214,1.114,6.743,-0.703,-1.003,2.691,1.497,5.456,11.584,8.022,5.95,5.49,6.39,5.467,5.028,-0.383,-5.215,-14.539,-15.466
-3.968,0.313,-2.346,-4.219,-3.925,-1.779,-2.563,-2.674,-5.514,-5.534,-5.599,-4.598,-2.277,-3.744,-1.575,-3.207,-0.23,2.268,7.055,7.109
4.031,1.614,4.736,4.902,4.053,2.997,0.562,4.102,2.696,1.175,3.233,1.741,1.282,0.663,0.849,-0.33,-1.823,-2.894,-5.513,-6.444
5.654,6.097,2.682,1.476,4.524,4.916,4.858,5.375,2.162,1.452,1.933,0.627,3.003,5.648,-0.409,-0.255,-1.603,-3.351,-4.646,-11.49
1.735,0.792,-1.016,-0.172,2.953,-0.107,2.56,2.037,1.02,-1.994,-0.453,-0.454,-3.074,-2.145,-1.156,0.953,1.82,-1.399,-0.353,-0.066
5.501,1.073,4.836,2.273,3.027,5.21,2.533,3.918,-0.361,0.66,3.853,0.798,1.189,2.246,2.414,0.025,-1.746,-1.403,-5.203,-8.709
-0.968,-1.406,0.602,1.894,-1.003,0.435,-0.333,-1.871,-2.653,0.003,-1.48,0.115,-1.2,-1.037,-1.568,-0.511,1.105,0.987,1.969,0.357
-0.846,-0.22,0.158,1.774,-1.403,0.636,-1.241,-2.875,-1.022,-0.535,-1.789,0.516,-2.38,-2.371,-2.418,-1.9,0.302,1.392,0.788,5.445
0.846,2.912,2.4,1.479,1.206,0.092,2.912,0.559,1.227,-1.164,-0.233,0.43,-1.545,-1.309,0.31,-5.994,-0.981,0.654,3.157,0.589
6.89,0.041,2.964,1.511,2.256,0.923,-0.495,2.277,2.741,1.637,-1.393,0.922,0.576,1.132,1.404,-1.845,-1.108,-0.242,-2.163,-3.374
4.466,4.183,4.341,1.339,2.453,2.156,-1.824,2.469,2.062,0.942,-2.577,1.937,-0.565,0.698,-0.067,-0.474,-3.217,-1.702,-3.786,-2.012
3.028,7.504,-0.145,0.663,1.764,0.231,1.64,6.872,1.398,-0.393,2.882,0.069,-0.388,1.002,-1.571,0.25,-0.114,-2.337,-3.531,-6.309
2.802,2.404,1.9,2.334,0.596,3.962,2.785,5.938,3.325,0.378,1.982,4.613,-1.08,2.68,3.076,-1.033,-2.184,-0.878,-4.377,-6.744
7.116,6.037,3.829,8.2,6.855,10.313,1.598,5.796,3.495,1.621,5.095,2.316,6.705,3.807,-5.298,-0.939,-2.244,-0.126,-10.283,-10.008
1.493,1.401,1.105,-0.474,0.345,-0.708,1.838,2.216,-1.187,-0.028,-0.384,-0.502,0.789,0.682,-0.078,-1.604,-0.515,0.605,0.606,-2.999
3.437,1,3.716,0.411,1.918,0.898,1.719,1.915,0.979,0.835,0.482,-2.349,1.751,0.313,-0.461,-2.651,-1.761,-0.661,-1.416,-3.734
2.554,1.831,3.322,0.68,3.374,0.918,1.943,3.02,1.475,3.304,1.681,3.742,1.156,-0.551,-1.602,0.424,-2.372,-1.418,-4.476,-3.163
0.593,1.072,2.397,0.429,0.998,3.063,4.117,-0.27,-0.786,-0.182,-0.303,-0.185,2.074,-0.586,0.366,-4.836,-0.403,2.484,-1.515,-0.427
-5.127,-3.587,1.42,-1.99,-5.745,0.277,-5.141,-1.863,-2.759,-3.707,-9.782,-0.686,-5.383,-6.645,-7.496,-6.01,-1.007,2.348,5.401,13.708
-2.566,-0.726,3.831,0.852,-1.565,0.168,-2.651,0.501,-0.47,-0.868,-6.058,-0.633,-1.873,-1.794,-4.304,-4.565,-1.87,0.729,3.127,6.977
-1.369,2.009,4.135,-0.582,1.48,2.633,2.249,-0.76,-0.041,-2.053,-2.241,-1.085,-0.5,-3.649,-2.538,-2.936,-1.189,0.683,1.571,3.638
-1.597,-0.375,-0.324,0.707,3.22,-0.388,0.402,-0.175,-0.41,-0.074,5.169,2.54,-0.631,0.145,2.46,-2.498,-1.269,-0.341,2.45,-3.074
5.392,5.34,3.373,2.246,3.25,2.098,3.166,1.768,2.401,1.355,0.957,0.588,-0.558,1.14,-1.869,-0.009,-2.03,1.574,-5.23,-5.442
-3.009,-0.191,-0.364,-1.315,-3.835,0.248,0.359,-2.57,-1.829,-0.457,-6.07,1.151,-3.455,-3.831,-4.781,-1.194,-0.691,3.934,1.205,9.462
-2.273,-2.578,1.06,0.164,-1.436,-0.197,-1.45,-1.579,-2.483,-1.42,-0.71,0.447,-0.293,-2.899,-1.682,-0.415,0.672,2.897,3.777,-0.515
-3.862,-4.759,-1.381,-4.374,-3.605,0.056,-4.252,-3.79,-3.393,-0.448,-4.517,-1.402,-1.883,-3.156,-1.853,0.127,-0.282,5.595,7.947,7.937
1.08,0.771,2.518,-1.861,-0.539,1.373,-1.266,2.051,0.503,0.95,1.399,-0.382,-0.122,0.79,-0.457,-0.866,0.133,0.261,0.592,-4.139
-4.475,-4.812,1.816,-2.06,-4.376,0.749,-5.104,-2.017,-2.769,-2.706,-7.818,-1.584,-5.044,-3.752,-3.396,-3.893,-2.124,2.471,7.424,13.137
0.413,0.672,0.761,1.578,-0.323,1.398,-0.256,-0.82,0.846,0.097,-0.531,-0.47,0.418,-1.448,-0.139,-3.331,-1.03,0.569,1.906,-0.17
0.03,2.807,-3.429,1.986,1.36,2.848,1.034,1.135,1.68,-2.098,1.494,0.982,1.698,0.723,-0.039,1.124,1.227,1.095,-3.201,-3.556
2.073,-0.306,3.485,0.036,-0.243,-0.376,-1.824,0.793,-1.412,-1.28,-0.914,-1.175,-0.889,0.888,-0.044,-0.102,1.127,1.612,0.237,-0.576
12.364,0.48,4.727,11.53,1.284,2.524,3.902,1.204,4.064,2.025,1.973,-5.265,-1.482,-1.106,-2.88,-2.873,-0.65,-1.645,-4.054,-8.486
4.692,0.93,6.037,2.492,-0.812,-0.679,2.351,-1.201,-0.997,4.969,-0.725,-3.901,1.143,1.754,1.813,1.702,1.235,0.942,-6.181,-5.706
-7.372,-4.754,-5.008,-4.99,-5.989,-4.058,-3.535,-4.397,-4.418,-5.026,-6.443,-5.323,-3.759,-2.268,-0.575,-2.262,1.774,2.574,8.838,15.314
0.118,0.292,2.343,-0.335,0.029,1.219,-0.856,0.354,0.36,-1.239,0.599,-0.198,1.542,-1.241,0.465,0.209,2.23,1.55,-1.804,-0.678
10.4,5.191,-1.833,9.613,5.735,0.968,1.796,1.827,-0.757,-3.076,13.186,-3.157,1.299,-5.617,3.961,2.201,3.239,-0.617,-9.184,-9.244
2.03,0.14,2.182,-0.582,-1.919,1.097,-0.179,0.461,-0.92,-0.517,-0.224,-1.638,1.335,0.884,0.502,-5.057,-0.088,-0.285,1.643,1.616
1.571,3.469,2.348,-0.542,1.964,1.183,0.504,0.143,-0.996,0.051,0.576,1.102,1.838,-0.844,-0.951,-4.248,-0.645,1.776,-0.71,-1.278
-0.519,-0.193,-2.458,0.736,-0.826,-0.921,0.169,-1.061,0.123,-1.673,0.585,-1.374,-1.167,0.158,2.212,-2.32,0.578,1.686,0.851,-0.159
1.849,1.3,-1.849,-4.041,1.189,-1.371,0.887,-0.283,-2.512,-0.255,-1.856,-1.866,-0.982,-1.589,-1.211,-1.202,-0.476,2.243,1.723,3.439
0.23,3.493,3.406,0.918,2.567,3.525,0.352,0.934,1.417,0.942,1.786,4.34,1.213,0.685,-0.925,-3.346,-1.221,2.167,-0.709,-4.427
5.695,1.977,2.512,1.089,1.251,3.729,2.027,2.841,0.219,3.044,1.182,0.03,-0.322,1.672,-0.218,-1.588,-1.025,-1.024,-1.437,-5.327
-1.18,-1.819,-0.75,0.512,-0.429,3.988,0.362,-3.051,-1.079,0.273,-1.315,-1.54,-0.687,0.937,-0.903,-0.306,0.382,0.074,-0.259,-0.238
3.644,0.495,2.098,1.149,1.341,2.042,-1.1,1.607,1.257,0.013,0.367,-0.303,1.498,0.429,1.344,-0.713,-0.518,0.525,-1.481,-1.52
8.119,9.211,5.36,3.973,6.85,3.588,5.765,6.227,2.734,2.437,1.803,0.675,0.333,0.732,0.506,-3.183,-2.84,-2.389,-6.94,-10.995
0.954,0.542,2.019,-0.706,0.099,2.247,0.332,0.357,-0.55,0.586,-3.907,-0.604,-2.444,-0.647,-1.639,-3.973,-0.639,1.841,0.882,4.372
-0.958,1.762,1.025,-1.856,0.177,-3.068,0.995,-2.293,-0.283,-0.82,-2.752,-3.49,0.721,-0.845,0.608,-6.842,-0.068,2.256,4.809,4.265
