-2.484,0.379,0.722,-2.335,1.473,-3.354,0.003,2.352,0.591,1.828,-2.395,0.018,-0.504,0.795,5.284,-2.867,1.744,4.083,2.016,4.311
1.452,-1.697,1.869,0.481,-0.168,-2.6,-0.172,1.47,2.164,-0.216,-4.471,-1.412,-3.964,1.069,-0.252,-0.007,1.241,2.857,-0.025,4.076
-1.724,0.106,-0.322,0.168,-0.332,1.362,-0.597,2.538,0.775,-0.136,0.371,-1.567,-0.989,2.158,-0.244,2.355,1.25,-0.049,0.051,0.674
-14.673,-0.09,0.334,-1.044,-3.259,8.267,-0.17,8.381,-2.656,3.396,-0.116,1.802,9.943,5.654,1.89,3.238,-1.631,-0.148,2.046,11.699
2.364,-0.743,2.022,0.768,-1.71,-1.202,1.654,0.783,0.418,0.675,-1.372,-1.53,-2.957,-1.816,4.803,2.026,-0.002,1.51,-0.788,0.825
4.899,-1.659,3.786,3.294,-1.95,-1.33,1.265,-1.165,-1.925,-5.579,0.974,-2.084,-1.374,-2.55,-1.625,1.351,-0.25,-2.48,-2.594,-0.69
12.262,4.547,1.704,1.77,2.113,-1.965,-2.321,-1.684,-1.479,-0.822,-2.699,-2.765,-3.616,-2.469,-2.284,-5.025,-3.222,-0.235,-3.845,-1.601
-3.096,0.492,0.457,0.237,0.637,-0.717,0.984,-0.317,0.142,-0.305,2.38,3.997,0.078,2.344,2.261,2.96,-1.377,-1.354,-1.206,0.08
7.365,2.958,4.503,-0.973,1.028,-0.935,0.579,-0.605,1.82,0.577,-0.309,0.197,-1.98,-3.788,0.807,-2.866,-1.154,0.343,-2.535,-3.845
-0.899,-0.974,0.346,1.518,0.711,3.177,0.924,-1.477,-3.143,0.69,-0.628,-0.659,1.298,0.326,1.416,2.605,-3.8,-1.249,-3.21,2.064
-2.225,1.114,2.498,3.71,-0.611,1.125,0.802,-0.993,-0.229,-1.826,-2.045,0.758,0.567,1.819,-1.234,1.006,-3.699,-0.055,-0.777,-0.364
10.63,3.54,4.406,1.597,-4.719,-5.644,-0.269,-2.791,2.758,-5.799,0.262,-2.562,-1.638,-0.049,-5.647,1.434,-2.405,-3.749,-5.299,0.424
9.755,-3.046,3.7,3.178,7.891,-1.978,1.027,-2.745,-3.27,-3.846,-1.406,-5.39,-1.104,-1.311,-2.019,-0.424,-3.265,-0.66,-0.059,-1.633
7.479,0.306,4.538,1.778,10.066,-1.906,-0.868,-2.394,-3.239,-1.704,0.866,-3.775,-3.123,-2.558,-0.586,-1.461,-3.725,-2.765,-0.933,-2.411
11.931,-0.362,4.215,2.039,13.751,-2.04,-2.319,-4.643,-5.659,-2.553,1.801,-5.692,-3.282,-2.351,-1.215,-0.94,-4.655,-2.276,0.8,-1.506
9.35,2.851,1.254,4.657,0.737,-2.762,-2.31,0.497,-0.13,-2.318,-2.356,-3.073,-2.016,-1.817,-1.258,-4.651,-1.956,-0.259,-4.554,0.386
15.235,5.498,4.934,1.092,0.605,-3.818,-4.228,-0.163,-3.342,-2.318,-2.504,-7.076,-6.452,-2.003,-1.712,-7.609,-4.405,0.199,-5.682,-3.703
5.764,0.71,1.127,0.832,2.399,-2.099,-1.792,0.439,-3.07,-1.188,-2.644,-1.822,-2.52,-1.979,0.114,-2.581,-2.203,1.342,-0.357,-0.322
24.551,11.712,2.729,1.376,-6.258,-3.281,-0.275,-5.808,-4.922,0.444,-6.615,-6.543,-7.176,-3.752,-8.818,-7.286,-7.907,-3.755,-5.782,-8.382
12.262,3.228,3.304,0.944,0.764,-7.223,-1.903,-1.587,-0.483,2.973,-8.306,-3.642,-4.995,-0.248,0.175,-5.154,-0.314,4.225,-5.396,2.505
2.184,1.49,0.481,-1.245,1.227,-2.603,-0.283,1.176,0.374,-0.777,-1.478,-3.12,-1.495,-1.135,-0.628,-2.223,-0.579,0.736,-1.905,0.544
3.206,-0.409,0.755,0.757,0.244,-2.288,0.322,-0.333,-0.767,-0.151,-1.118,-2.638,-0.858,-0.576,-1.089,-3.746,-0.864,-0.258,-4.204,-0.086
6.066,2.568,1.725,1.97,-0.777,-0.421,0.391,0.613,-1.652,-0.158,-1.287,-0.518,-2.736,-0.937,-0.068,-0.997,-3.447,-1.107,-4.368,-1.214
4.839,1.943,2.151,2.562,2.35,0.057,-0.286,0.317,-1.911,-0.055,-1.132,-0.814,-1.928,-1.807,-1.581,-0.545,-1.67,-1.107,-0.415,0.889
0.883,1.084,1.366,2.774,5.666,0.221,-0.384,1.668,-0.788,-2.638,1.824,1.874,-0.99,1.414,1.968,3.382,-4.215,-1.702,-1.368,-0.263
9.377,2.412,2.354,2.093,-1.586,0.095,-0.859,-0.95,-0.485,0.986,-2.241,-2.357,-4.024,-2.89,-1.615,-2.983,-4.044,-5.971,-1.056,-2.73
-4.551,0.362,-0.242,2.384,0.087,0.355,-1.066,-1.638,0.699,1.027,-1.112,0.097,-1.598,-1.145,3.914,-0.66,2.712,4.114,-0.306,0.018
15.299,3.537,3.631,1.543,-0.331,-2.843,-1.816,0.138,-1.817,-1.413,-2.472,-4.257,-5.274,-2.036,-0.866,-5.057,-1.781,-2.61,-5.544,-2.031
-2.488,-1.714,-1.048,-0.79,0.181,-1.011,-0.633,0.441,0.963,0.249,1.945,2.037,2.777,0.629,-1.028,1.296,1.831,1.298,2.839,1.888
-4.414,-0.222,1.022,-1.732,1.884,1.179,-3.798,0.584,1.208,1.214,0.98,1.058,2.754,-0.631,2.451,-1.036,2.084,5.438,2.012,4.524
-5.231,-1.069,3.029,-1.608,2.536,2.075,-3.308,-0.114,-1.938,1.396,-0.349,0.061,4.057,1.983,2.632,0.549,2.837,4.427,3.122,2.597
-6.684,-2.521,-0.636,-2.079,-1.136,0.73,0.577,2.778,2.26,0.547,1.621,2.502,3.05,1.451,3.436,1.323,1.093,1.634,1.558,-3.189
-6.221,-1.447,-1.259,-0.875,1.056,1.682,-1.907,-0.751,1.114,3.964,-0.105,-0.208,2.662,0.353,0.144,1.443,0.549,1.085,-1.395,0.499
-4.206,-1.449,-1.607,0.638,1.838,0.185,-0.317,2.148,1.561,-0.535,-0.326,2.075,1.659,1.927,0.296,0.71,0.549,0.344,0.899,-1.599
-9.111,-4.857,-2.107,-1.886,-0.853,-0.135,0.075,3.028,2.862,0.954,2.359,3.405,2.536,0.657,1.004,2.714,1.987,-0.295,0.422,-1.789
-3.058,1.011,0.447,0.072,0.558,0.39,-2.993,0.9,-0.985,0.555,-0.73,1.489,2.474,-0.412,1.589,1.129,1.772,2.817,2.669,0.373
-0.566,-1.356,-2.635,0.187,-0.812,0.62,-0.861,-0.341,2.439,-2.296,-0.049,1.111,1.509,-1.2,-0.614,1.16,2.525,0.027,-0.827,1.579
-19.578,-5.354,-3.412,-6.392,3.784,-2.271,2.819,1.066,5.931,2.433,0.122,4.453,9.382,2.554,2.987,7.592,11.877,3.003,6.044,3.776
-2.318,2.531,0.849,-4.375,0.677,-1.901,-1.017,4.201,3.059,1.927,-1.424,-2.797,0.93,-2.978,1.358,-3.843,0.624,0.728,1.245,-3.394
-1.812,1.4,0.402,-1.652,2.422,0.044,0.773,-1.179,0.297,-1.569,-1.557,-0.257,1.534,0.448,6.433,0.266,2.749,3.212,-2.408,1.751
-16.429,-3.102,-2.751,-5.05,2.061,0.885,2.919,1.499,5.846,1.14,-1.127,2.138,6.498,1.813,3.807,2.702,8.109,0.88,4.09,3.266
-17.226,-6.086,-6.652,-3.234,2.521,4.558,1.085,1.009,5.565,3.278,2.634,6.033,6.892,1.62,5.016,10.792,9.428,0.523,2.839,0.076
-10.485,-3.455,-4.505,-2.659,1.754,0.308,3.597,0.124,6.574,-0.252,2.351,3.303,1.375,0.808,0.415,3.796,6.34,-0.517,4.229,-0.866
13.399,4.124,12.5,1.382,-4.081,-6.877,-3.302,-1.153,-3.467,4.756,-4.351,-6.343,-11.959,-2.871,-2.125,-15.162,-12.884,1.403,-13.95,-9.571
3.284,0.628,3.281,0.583,8.476,-1.88,-1.224,-0.493,-1.427,-1.477,-2.187,-5.383,-2.12,-0.958,-0.024,-3.405,-0.908,-1.694,1.497,-1.414
-2.503,0.431,1.981,0.287,2.03,-0.902,-1.393,-0.006,-0.19,1.422,-1.581,0.044,-1.077,-0.051,1.541,1.902,1.956,3.828,0.664,2.715
-5.401,0.855,-0.363,1.239,-0.771,1.322,0.1,1.64,-1.45,1.01,0.761,0.652,-0.53,1.515,-0.758,-0.363,1.596,2.419,0.086,1.835
7.759,2.419,2.765,-0.33,4.505,-2.296,-2.079,-2.794,-0.946,-1.019,-0.569,-5.417,-2.39,-2.814,-1.773,-5.578,-3.579,-3.627,1.288,-2.084
27.949,18.874,21.808,3.239,2.125,-14.041,-7.844,-8.306,-4.848,-2.006,-10.799,-18.745,-23.857,-9.063,0.307,-18.75,-11.654,-2.877,-12.98,-9.859
9.806,2.717,-0.652,2.065,1.738,-1.42,-0.633,0.1,-0.727,-0.467,-2.817,-2.689,-3.488,-1.782,0.509,-1.663,-1.461,-0.42,-2.368,-2.006
-0.857,-0.557,0.546,-2.616,4.239,-4.239,-0.188,-1.026,1.626,-0.012,-4.231,0.328,-2.29,3.964,5.643,-0.717,2.004,9.213,0.568,5.073
11.903,6.231,3.621,-1.15,5.028,-2.587,1.396,-5.469,-2.316,2.765,-1.226,-4.157,-2.605,-4.748,-2.863,-3.722,-1.919,-3.313,-5.04,-4.69
3.828,3.48,1.113,1.403,0.528,1.664,1.135,-1.167,1.331,-2.56,-1.86,-3.123,-1.902,-0.871,1.602,-2.273,0.92,-1.986,-2.051,-3.47
23.465,13.998,14.456,-2.658,-1.927,-1.611,-5.959,-3.106,-0.63,2.845,-0.642,-7.827,-9.881,-8.094,1.411,-8.529,-9.66,-4.494,-4.196,-13.789
18.653,9.911,6.089,-0.272,-1.506,-1.34,-2.101,-1.744,-2.361,3.249,-1.577,-4.979,-8.32,-4.931,-0.436,-6.297,-5.772,-3.782,-2.604,-8.462
16.275,4.434,2.692,3.468,2.788,-5.11,-0.907,-2.399,-2.436,-0.338,-2.058,-5.303,-3.049,-2.922,-1.489,-5.298,-4.81,-0.972,-5.025,-2.604
13.826,4.204,4.937,2.977,-3.43,-2.694,-0.355,-0.982,-2.824,-0.621,-0.947,-4.213,-5.579,-2.811,-3.2,-5.748,-5.081,-3.912,-4.853,-4.457
5.297,0.879,1.65,-1.645,-0.077,-2.128,-2.155,-0.487,-0.471,1.063,-2.953,-1.943,-2.313,0.223,-0.156,-1.106,-0.192,0.967,-1.43,2.346
-1.017,-2.183,0.404,-0.045,1.669,-1.124,-0.221,2.251,0.108,0.091,-1.791,-1.348,-0.286,1.262,0.97,-0.474,0.198,1.611,-1.369,-0.345
31.285,10.865,12.341,4.818,-4.051,-13.23,-1.653,-3.871,-7.236,-2.374,-6.935,-11.954,-14.505,-9.524,-3.789,-13.413,-11.589,-5.509,-15.705,-7.932
5.206,1.483,12.771,5.714,1.593,-7.273,-7.391,-0.545,-4.245,-2.022,-5.521,-4.383,-3.545,-3.197,2.019,0.851,2.183,3.786,-1.463,9.82
-3.182,3.512,-5.281,3.227,-2.685,-2.152,1.833,-1.084,-5.503,-2.252,-3.58,-0.06,1.326,2.421,-7.869,-0.516,1.45,0.733,2.338,10.203
-1.257,-0.026,1.839,0.529,0.858,0.382,-1.12,0.189,0.854,0.003,-2.769,-1.848,-0.167,0.301,-0.209,-0.365,0.679,-0.187,0.254,2.68
-7.888,8.721,-9.293,2.958,-1.248,-1.683,4.654,-1.063,-8.767,-5.574,0.018,-0.957,1.002,4.552,-14.004,0.705,1.03,1.145,4.038,2.457
-8.547,13.642,-9.796,2.116,-5.044,7.411,-5.889,2.807,-5.531,-1.84,7.123,-4.109,-1.615,2.043,-7.086,1.74,2.533,2.737,-1.871,-6.015
-4.099,-0.753,-2.193,-0.411,-1.774,1.112,-0.508,0.763,-0.834,-1.313,0.875,-1.072,0.543,0.742,-0.063,-0.777,2.074,-0.274,1.068,2.735
5.152,-0.529,-2.218,2.098,-5.686,-3.08,0.92,-2.326,-4.38,-5.22,-3.305,0.478,0.681,-1.322,-7.326,-2.891,1.138,-0.934,-0.73,9.948
-2.236,5.517,-2.225,1.368,2.267,-2.538,5.388,-1.731,-5.127,-4.211,-1.691,0.492,0.146,3.617,-6.608,0.008,-1.462,1.709,3.232,0.544
-1.192,8.343,-2.822,2.244,2.947,-4.608,8.2,-3.481,-8.727,-5.135,-2.167,-0.518,-0.464,5.781,-10,0.375,-2.15,1.912,4.405,0.75
-1.915,4.866,-3.404,0.428,3.062,-4.444,6.847,-1.145,-2.803,-3.661,-1.76,0.695,-0.609,2.955,-10.067,0.702,-0.314,1.672,3.676,0.117
-7.192,-0.288,-0.679,0.878,1.649,2.426,-1.898,3.65,-2.028,0.002,-2.095,0.43,2.48,1.652,0.888,2.095,-0.465,0.354,3.197,6.577
-10.08,-2.817,1.195,-1.406,-0.436,-0.163,-1.948,3.089,-0.55,3.512,-0.804,-0.535,3.386,3.684,2.472,0.222,-1.116,-1.617,6.422,8.468
-13.814,-2.087,-2.772,-1.24,2.266,3.812,-1.713,6.12,1.22,-0.593,1.313,5.143,3.249,3.887,5.241,4.261,2.687,3.067,5.342,6.16
-6.886,0.46,0.653,-1.181,1.747,2.239,-3.507,3.147,-1.291,-3.039,-0.591,0.277,4.35,2.804,3.361,2.962,1.556,2.092,6.423,6.326
-1.348,0.866,1.325,-0.063,0.196,1.526,-1.651,0.87,-1.428,-1.716,-0.273,-0.841,3.005,1.816,0.497,0.083,0.379,-0.235,4.461,3.503
-2.303,-0.433,-0.026,-0.303,-0.467,0.618,-0.955,1.891,-1.065,0.093,1.475,0.389,0.67,1.349,-0.55,0.619,-0.185,0.529,0.576,1.552
-0.544,0.434,-0.805,-0.652,-0.324,1.061,-0.171,1.761,-1.103,0.617,0.592,1.16,0.745,1.098,-3.206,-1.367,-0.195,-0.743,1.841,3.563
0.179,1.765,3.38,2.277,-0.757,0.458,-0.369,-1.146,-2.038,0.385,-1.403,-0.811,0.229,1.71,-0.776,0.974,-4.452,-1.575,-1.39,-0.166
-1.432,0.081,-2.659,1.783,0.484,1.765,1.134,0.488,-0.613,-4.326,1.97,-1.127,1.829,0.377,-1.499,-0.88,0.181,0.314,0.667,3.803
-1.351,-1.214,-0.885,0.86,-1.546,2.635,1.487,0.396,-0.317,-2.541,0.943,-2.098,2.089,0.152,0.672,-2.603,0.161,0.909,-0.176,2.023
-2.01,-0.309,-2.344,-0.053,1.247,0.261,0.708,-0.746,0.483,-2.441,2.864,-0.969,0.817,-0.889,-1.343,-0.658,0.246,0.794,0.892,3.005
-6.336,1.722,3.166,0.485,-1.052,-1.717,1.335,-1.108,-1.334,-1.792,-6.891,0.978,3.717,-0.607,-0.931,2.088,-2.036,0.997,-0.046,6.185
-13.011,-3.377,-3.252,-2.393,0.786,-0.291,1.889,4.365,3.853,-0.47,-1.911,1.763,7.806,2.499,5.723,0.497,5.07,1.819,1.959,5.04
-11.795,1.119,1.586,-0.868,0.44,5.181,4.537,1.215,0.03,-2.508,-3.084,-2.363,9.757,2.643,-1.054,1.428,-4.035,0.271,1.264,7.021
-2.405,-1.898,-0.804,2.027,-0.639,-0.626,1.252,0.879,0.56,-1.833,-0.329,0.95,1.545,1.07,1.543,-1.385,1.373,0.437,0.492,0.396
-4.338,0.346,0.715,3.067,-0.654,-0.633,-0.607,0.251,0.476,-2.011,-0.968,0.324,-0.261,-1.546,1.931,-1.391,-0.721,0.597,-1.097,-0.143
-1.292,2.495,-0.113,0.923,-2.489,2.505,0.837,3.201,-4.163,-1.767,-3.086,-0.86,5.831,0.146,-1.314,0.453,-1.544,0.916,-0.667,6.012
-11.838,0.846,-0.885,0.815,0.714,2.75,-1.522,5.477,-2.434,-1.312,-1.433,0.451,6.353,6.74,4.673,2.382,0.016,3.302,3.828,9.441
-3.694,0.027,-1.605,1.505,-0.612,0.998,-0.941,2.356,-0.432,1.365,-0.08,0.38,0.053,1.393,0.154,1.365,-0.476,0.246,1.638,3.217
-12.488,-0.269,-4.849,-5.334,-1.697,8.667,-0.268,6.363,0.393,-0.145,-0.186,2.854,2.21,1.841,8.871,0.413,7.119,3.511,2.736,5.548
-5.335,-0.196,-1.456,0.375,-1.668,5.275,-0.876,4.862,-0.362,1.299,-1.214,-0.288,3.638,4.073,0.098,1.578,-0.252,-0.162,-0.826,4.893
-8.479,0.488,-0.658,-0.723,2.315,2.43,-0.646,4.931,-1.315,1.516,0.106,1.458,2.778,2.056,2.382,2.359,-1.193,-0.694,1.98,4.482
-0.51,0.766,0.736,1.19,1.273,-0.548,-0.564,0.478,-1.903,-1.067,-1.18,-0.007,-0.208,0.595,-1.599,-0.372,1.079,1.269,2.977,2.465
4.53,5.052,5.642,2.227,7.59,-2.973,-1.153,1.458,-1.327,-0.142,3.916,7.932,-2.818,1.331,0.794,3.857,-7.751,-4.303,-7.023,-1.98
-1.074,3.227,4.334,1.309,4.789,-1.425,0.605,-0.044,-0.357,1.172,3.261,6.958,-1.758,1.52,0.068,4.615,-6.578,-4.944,-4.306,1.024
0.382,1.421,0.632,1.169,5.026,-0.479,-2.461,1.068,-1.856,0.364,1.799,1.217,-0.548,1.691,2.172,1.559,-1.486,-0.106,-0.48,-0.402
2.55,0.991,1.88,2.136,6.845,-0.544,-1.416,-0.521,-2.619,-2.148,0.86,1.475,-1.439,-0.079,1.478,-0.309,-3.573,-1.937,-0.704,-0.937
8.569,2.891,15.627,5.557,0.387,-6.074,-7.021,-1.997,-9.671,-5.962,-6.473,-7.084,-6.528,-3.481,-0.554,-1.546,-10.5,1.605,-4.473,8.538
-19.778,-8.954,-4.949,-2.141,-2.19,1.183,0.825,3.762,5.113,1.164,2.928,6.83,0.003,3.153,3.593,4.335,8.206,-1.99,4.65,-3.073
11.8,4.916,3.552,2.441,-3.961,-4.777,-2.2,0.319,3.005,-4.337,0.877,-3.241,-2.649,-0.942,-3.64,4.356,-2.561,-1.102,-4.403,-2.757
6.262,2.526,5.867,7.389,-2.428,-3.061,-0.375,-1.663,-4.638,-3.764,-4.393,-3.215,-6.056,-6.657,-1.434,-3.188,-6.269,-2,-6.16,-5.053
7.411,1.643,4.101,3.335,-0.64,-2.662,-1.21,-1.624,-2.34,-0.467,-3.859,-2.371,-5.048,-4.209,-0.876,-1.565,-3.086,-0.744,-3.012,-3.424
-11.89,-4.164,3.108,-0.83,2.21,0.797,-4.57,4.202,-2.631,2.999,-0.687,0.597,4.98,4.931,4.119,3.08,1.886,7.203,5.301,5.771
-4.334,-1.104,-1.509,1.852,-0.958,2.398,0.519,6.421,-0.99,3.401,0.983,0.453,3.848,1.211,0.149,0.876,-1.162,-0.437,-3.581,0.096
2.625,0.904,-1.055,1.767,3.146,-1.949,-0.339,-0.61,-2.986,-1.23,3.698,-1.034,-0.381,0.124,1.887,4.002,-1.853,-0.876,0.187,2.421
3.397,2.075,2.236,2.864,1.773,-4.197,-1.738,2.733,-3.245,-0.3,2.361,1.392,-0.756,-0.909,-2.345,2.912,-4.314,-0.454,-2.904,4.673
-2.547,-0.414,1.004,1.04,1.959,0.455,-1.134,2.168,-0.354,0.569,-0.785,-0.044,0.179,1.561,1.968,1.635,0.014,-0.158,-1.144,-0.71
2.221,1.337,3.098,-0.551,4.052,-1.634,1.655,0.939,-1.109,-1.017,0.114,-0.707,-1.041,-1.693,0.546,0.967,-1.232,-0.5,-0.587,0.695
-1.31,-0.665,0.163,1.251,3.229,-1.639,-0.32,1.73,-0.362,-0.402,-0.083,0.517,1.057,0.732,1.398,1.228,-0.885,-0.452,-0.445,0.293
-7.15,-0.4,1.008,0.211,-1.32,-0.5,-2.6,1.243,-2.362,2.051,-1.244,-0.139,2.878,0.925,7.082,-0.258,1.268,8.798,1.405,-0.539
-7.087,-1.163,2.66,-0.202,1.341,0.643,-3.466,2.357,-1.259,0.108,1.329,1.974,4.383,2.01,0.238,2.459,1.502,4.367,3.352,1.773
-51.121,-17.092,-13.594,-4.544,6.969,15.173,-2.885,6.04,10.879,4.161,4.114,13.125,18.426,5.45,12.002,22.124,27.045,7.329,15.736,8.98
-54.458,-17.925,-19.152,-5.547,7.053,9.219,7.12,3.179,19.779,3.044,9.68,17.244,15.359,5.194,8.461,17.997,25.908,-0.536,18.258,-0.183
-4.399,3.623,-0.705,-0.264,-1.2,0.808,-3.736,3.143,-4.054,-0.174,-2.365,7.436,0.825,-3.505,3.747,4.927,7.393,-0.864,-0.696,-1.501
-10.03,-3.29,-0.875,-1.596,1.695,3.647,-3.871,3.629,1.578,0.162,0.138,3.054,3.476,3.9,3.603,3.218,2.435,3.167,3.99,3.233
2.221,0.498,0.679,-1.9,-1.026,-1.831,-2.358,-0.249,1.103,0.488,-0.58,1.169,0.62,0.609,-1.828,-1.824,1.707,1.455,1.013,3.77
-5.475,-1.271,1.008,-2.296,1.227,1.996,-2.392,0.872,-1.825,1.509,1.301,-1.063,2.864,-0.17,3.636,0.175,1.59,6.214,2.849,2.245
-9.748,-1.519,0.783,-0.518,1.878,2.551,-3.004,5.51,-0.008,-1.812,-2.8,3.03,3.689,0.868,3.399,1.213,0.061,2.316,6.003,4.872
-13.035,-3.789,-1.029,-1.366,1.52,4.006,-3.488,0.567,1.411,2.15,-0.406,0.154,6.453,4.209,5.552,3.935,4.292,5.424,2.193,3.48
-3.973,-1.577,0.39,-0.304,1.738,-0.859,-1.81,0.506,0.813,1.048,-1.92,0.195,1.577,2.97,1.616,2.697,1.677,4.069,0.607,3.614
-5.313,0.576,-0.037,0.372,2.034,2.169,-2.692,-0.025,0.673,0.687,-1.137,0.831,1.561,-0.239,2.615,-0.883,2.773,5.946,1.034,3.174
-7.672,-2.268,-0.327,-0.249,1.744,4.67,-2.391,1.416,0.871,0.515,-0.498,1.667,-0.285,2.892,6.029,2.364,3.463,2.125,1.16,3.226
-1.423,1.776,7.55,4.014,0.072,-4.294,-4.365,-2.771,-8.112,1.449,-3.644,0.568,1.455,-3.896,1.173,-1.555,-1.931,6.441,0.839,3.546
-5.274,1.446,0.31,-0.242,-0.127,2.574,1.862,4.937,-1.373,3.878,2.247,-1.231,3.283,4.322,2.677,1.847,-0.135,-1.334,-4.396,-1.354
-1.824,0.407,-0.151,0.146,0.665,0.306,0.741,2.659,0.527,2.151,1.541,-1.621,2.651,0.261,-0.468,1.492,-1.39,-1.461,-4.173,1.201
-11.112,-3.366,0.314,0.204,1.918,4.482,-3.907,2.349,-2.703,-0.839,0.504,1.195,3.139,3.779,4.899,5.452,4.462,8.325,5.128,3.439
-9.398,-1.925,-2.641,-3.092,-0.378,3.797,-3.776,-1.241,0.795,2.451,-1.682,-0.549,4.743,6.478,4.608,2.583,2.636,1.735,1.952,1.77
-8.572,-0.187,-1.133,-1.186,2.727,1.454,-1.516,5.141,-4.803,4.204,2.376,2.947,3.863,3.445,1.324,1.361,0.549,1.747,1.69,2.693
6.339,2.907,3.576,1.231,4.028,-2.048,0.156,-2.962,-0.434,1.512,0.121,-2.072,-0.13,-2.184,0.901,-2.748,-3.868,-0.78,-3.234,1.285
-6.457,-0.513,1.246,-3.459,0.819,2.906,-3.859,0,-1.38,0.09,3.167,2.349,4.229,0.994,1.977,5.885,1.176,1.202,-0.665,1.145
3.32,1.961,4.826,-1.1,-0.421,-0.832,-2.356,-1.696,-3.325,3.779,-1.661,-0.24,-1.382,-1.085,-2.932,-0.091,-0.699,0.294,-0.445,3.874
-1.415,-0.738,-0.052,-0.839,3.586,0.445,-2.272,-0.668,-0.353,2.034,-0.386,-1.593,3.663,-1.95,3.991,0.014,1.709,3.704,-0.914,3.816
-20.278,-6.71,-6.591,-5.593,3.493,0.428,0.745,-0.961,8.295,-0.043,-1.907,4.081,6.906,-0.419,5.102,10.285,8.327,1.101,4.345,-2.366
-7.298,-2.341,-0.439,2.715,2.166,-0.07,-2.201,1.671,0.956,0.691,-3.361,-1.083,-0.058,2.413,5.917,1.351,2.513,2.203,3.172,0.632
-6.001,0.032,1.852,-0.465,1.99,1.724,-1.099,1.996,-0.06,-0.527,-2.041,0.551,3.575,1.187,1.053,0.455,3.476,1.158,1.745,3.177
-16.395,-3.479,-1.347,-3.529,3.01,1.617,-0.713,2.638,3.176,2.764,-1.766,2.3,7.836,3.684,5.021,6.67,8.513,3.989,4.306,8.194
-4.681,-0.27,1.782,1.333,2.348,3.14,-1.746,4.43,-1.63,0.602,-2.715,-2.96,3.344,2.25,2.565,1.773,-1.684,0.308,4.432,4.087
8.502,1.513,4.832,4.485,0.53,-3.791,-0.853,-1.908,-3.11,1.404,-3.295,-2.835,-3.34,-2.069,-2.337,-3.279,-4.319,-1.31,-2.666,-0.788
-1.965,0.848,1.482,-0.552,-0.322,1.679,1.002,2.652,-2.812,1.426,0.51,2.812,-2.422,2.983,-0.688,0.5,-0.255,-0.678,-0.066,1.05
-7.416,-1.668,0.711,-0.889,1.581,1.634,-3.399,2.258,1.022,-1.609,-0.295,0.78,0.703,3.143,2.714,2.014,0.344,2.69,5.53,0.23
-8.749,-1.086,1.714,-1.301,-2.205,1.586,-0.777,4.221,-1.972,6.301,-1.375,-0.251,4.253,6.483,0.079,2.384,-4.85,-0.399,-1.385,5.687
-9.718,-4.162,2.526,2.292,1.141,3.307,-3.311,0.548,-3.676,1.668,0.73,4.021,3.059,-1.344,4.597,4.988,4.441,6.042,-0.868,-0.088
-1.599,0.565,-0.733,1.684,0.317,1.662,-1.179,0.817,-2.186,0.179,-0.079,0.36,0.679,0.722,1.351,0.321,0.872,1.827,0.149,3.276
15.936,7.186,4.488,0.673,-0.982,-3.634,-2.145,-1.728,0.075,1.029,0.367,-3.904,-6.073,-3.964,0.905,-4.54,-4.992,-3.885,-3.488,-4.318
-8.298,-2.533,1.939,-2.247,3.306,2.009,-4.113,0.566,-1.923,-1.182,0.403,0.116,5.905,4.114,2.804,0.126,2.253,8.835,4.539,5.381
5.473,1.986,2.045,1.665,2.654,-3.664,-1.042,1.078,-3.142,0.215,0.733,0.099,-0.555,-3.44,-1.521,-0.548,-3.072,-1.085,-2.661,2.747
7.508,6.015,12.04,6.014,-1.776,-8.548,-2.744,-0.905,-10.98,0.059,-7.246,-4.818,-3.784,-5.786,-1.54,-7.695,-11.003,0.036,-3.278,3.584
-17.165,-3.651,-11.038,-2.249,1.846,9.927,8.19,0.624,6.265,-0.407,2.425,6.98,9.441,1.162,1.392,9.931,9.021,0.43,8.345,4.265
2.417,1.182,2.183,0.981,-0.382,-1.871,-1.392,-1.463,-2.349,2.659,-0.603,0.013,-1.141,-1.906,-2.179,1.43,-1.776,-0.399,-0.606,2.671
-10.261,-1.529,-1.18,0.58,1.392,2.55,-1.037,2.733,0.812,1.801,-0.645,1.338,2.426,1.792,1.782,2.866,5.729,3.12,2.97,6.014
-10.745,-3.014,-0.288,-1.116,0.093,3.207,-2.605,2.931,0.824,1.404,-0.334,2.412,4.26,4.601,2.183,2.747,4.531,1.877,5.094,7.656
-5.385,0.85,-0.844,0.298,0.448,2.096,-1.723,-1.034,1.064,0.32,-0.737,0.87,-0.256,0.069,2.172,2.087,2.518,2.801,0.518,4.611
-2.927,3.22,-0.925,-0.463,0.423,0.444,-1.245,0.982,0.332,-0.124,-3.08,-0.593,-1.12,-0.938,4.593,-0.38,2.625,6.03,-1.324,5.828
7.834,0.58,1.213,2.515,1.475,-3.271,-2.409,-0.567,-0.434,0.825,-1.595,-4.091,-2.62,-1.081,0.543,-3.028,-0.923,2.207,-0.284,-0.8
-1.631,-2.132,2.601,-0.752,0.103,0.245,-1.749,0.036,0.592,-0.487,1.18,-0.356,2.503,0.811,2.229,0.871,0.218,3.504,1.584,-0.54
-3.977,-0.989,0.502,0.169,1.974,0.919,0.212,3.214,1.537,-1.11,-0.729,-0.09,0.163,0.99,1.13,0.579,-0.064,1.434,3.183,1.841
-2.262,0.982,3.391,0.93,-1.71,-2.466,0.149,-0.807,-3.806,-0.729,-3.676,-0.363,1.483,4.217,3.426,-2.976,1.666,6.247,9.183,8.556
12.967,4.089,1.734,3.023,3.545,-1.909,-3.513,-2.656,-1.15,-2.499,-2.237,-5.494,-4.756,0.039,2.437,-3.946,-0.914,1.422,-1.4,0.591
8.709,2.845,1.003,1.562,1.093,-2.135,-2.21,0.047,1.156,-3.893,-3.028,-3.943,-3.549,-2.475,2.489,-3.403,0.122,1.155,-3.993,0.735
24.484,10.532,10.509,1.014,1.68,-4.645,-6.694,-2.583,0.974,1.643,-1.187,-10.283,-10.147,-5.144,1.453,-10.011,-7.421,-2.362,-2.265,-9.765
-0.776,-0.816,-1.167,-2.595,0.943,-2.603,-0.309,1.559,0.52,1.134,-1.694,1.259,-0.308,1.574,5.627,-2.75,2.771,4.639,1.449,6.164
2.932,-0.604,1.512,-1.711,-1.545,0.498,5.301,-0.985,1.996,0.483,1.077,-0.092,0.551,-4.954,1.788,6.755,1.526,2.12,-2.391,-5.311
0.717,0.318,-0.161,-0.635,0.982,-0.147,-0.858,-0.029,-1.489,-1.735,-2.487,-0.751,0.407,0.58,0.297,-1.659,1.457,0.499,0.423,2.186
-4.484,-1.691,-0.003,0.405,3.296,0.703,0.319,-0.105,0.779,-1.439,-1.586,1.876,2.416,0.921,-1.259,1.287,1.849,1.037,-0.041,0.852
7.712,2.451,14.319,9.504,-4.012,-5.131,0.972,-5.828,-6.61,-2.59,-5.573,-2.698,-9.541,-10.451,-1.513,-4.799,-11.355,-4.472,-8.804,-10.601
8.968,3.579,5.99,12.973,-2.652,-6.257,0.499,-2.855,-6.464,-4.391,-5.869,-4.56,-7.862,-9.663,-1.754,-4.897,-8.418,-4.289,-7.831,-5.256
0.874,-0.296,1.578,-0.722,0.767,-0.581,-1.445,0.46,0.393,-2.216,0.798,0.751,2.138,1.898,-2.068,-0.759,-2.572,1.807,1.666,-1.278
0.396,-0.452,3.984,-1.282,0.817,-1.867,-1.288,0.944,1.534,-1.332,0.752,0.067,2.238,0.09,-0.14,-0.234,-1.198,-0.285,0.098,0.444
-7.483,-2.282,3.626,0.297,2.463,1.927,-2.185,2.245,0.669,-0.295,1.569,1.079,2.312,0.824,5.396,2.005,0.985,3.067,2.251,1.571
-7.608,-1.868,1.746,-0.558,1.182,1.325,-3.484,1.255,-1.919,0.964,-0.223,2.949,6.244,5.416,0.882,2.637,2.133,5.413,5.797,2.641
-13.677,-2.996,-1.486,-0.484,1.612,4.565,-3.331,3.519,-0.595,3.25,0.977,5.242,4.764,2.089,6.389,8.22,8.971,2.562,2.32,6.211
-3.232,-0.972,0.442,3.256,0.335,-1.23,-1.427,-1.442,0.141,1.236,-0.198,-0.404,0.006,-0.744,0.671,-0.097,2.295,3.735,0.636,0.465
-4.805,3.149,-2.983,2.542,-2.413,4.232,0.4,7.908,-3.96,0.144,-1.367,-4.072,7.017,3.299,-0.049,-0.625,-1.38,-0.585,1.423,7.434
-6.303,0.247,-0.45,1.782,-1.169,2.123,0.515,4.559,-0.38,0.998,-0.249,-0.608,2.457,2.062,1.588,2.718,-0.578,0.561,-0.231,2.697
-6.052,0.447,1.072,-1.782,3.229,2.064,-4.176,6.238,-2.393,-0.563,-2.044,0.976,2.591,2.463,3.003,0.166,-1.098,1.634,8.564,6.661
-10.143,-1.778,-1.759,-2.439,2.761,0.583,-0.965,3.474,3.019,-1.622,1.59,2.835,3.052,1.541,1.016,3.355,3.983,2.082,5.287,1.997
-6.745,-2.238,-2.538,-0.563,2.39,1.513,0.919,0.556,1.564,0.058,0.105,2.296,3.794,3.004,0.068,0.936,3.331,0.797,3.329,2.357
-1.993,0.678,-0.091,0.318,0.118,0.423,1.578,-0.194,-1.407,-0.284,2.157,0.071,0.337,1.545,-0.021,0.154,-1.112,0.52,-0.191,0.485
1.944,0.12,2.939,-0.361,-0.352,-1.348,-1.892,0.755,-1.24,0.991,-0.391,1.503,1.187,2.559,-2.105,-0.492,0.319,0.79,0.758,1.144
-0.516,1.974,1.633,-1.146,-0.286,-0.464,2.649,1.831,-2.025,-2.065,-2.109,0.785,1.909,-1.036,-2.898,-1.462,-0.684,0.308,1.829,3.541
-7.075,0.241,-1.945,-1.492,2.174,1.249,2.194,5.945,-0.719,2.931,1.998,1.747,1.992,0.956,0.985,1.815,0.808,-0.685,2.367,-0.177
-6.333,-1.376,-2.864,1.088,0.31,3.047,0.122,6.858,-2.342,3.244,0.518,1.034,4.14,2.008,1.183,2.098,-0.794,0.5,-2.705,1.73
-6.013,-0.612,-0.016,-0.476,1.711,1.247,-2.85,2.728,-0.13,-1.722,0.085,1.255,1.821,2.768,1.576,-0.314,1.273,1.786,1.836,2.05
-12.447,-2.793,-0.005,-0.495,2.157,1.878,-2.884,2.46,0.648,1.63,0.62,1.957,4.426,1.84,5.046,5.12,5.801,3.741,3.105,4.927
-13.938,-4.554,-1.273,-1.54,2.294,3.317,-0.491,0.685,5.295,0.335,2.573,3.769,1.362,-0.893,5.994,7.889,8.417,0.199,5.444,0.9
-9.072,-1.714,1.477,-0.06,2.701,2.368,-4.259,0.298,-0.232,0.931,-0.993,0.928,4.085,2.404,2.643,3.708,2.113,4.829,1.554,2.623
0.514,0.87,2.274,0.563,2.872,-0.178,-2.691,0.06,-1.982,-0.761,1.15,0.486,-0.007,-0.385,0.275,1.594,-0.056,1.058,-0.654,2.107
-8.883,-2.756,-1.746,-1.792,0.204,-1.193,-1.597,-0.665,0.517,3.67,-0.149,0.33,8.501,7.335,3.521,-0.765,-2.054,-0.093,1.602,2.105
-6.709,-1.957,-0.192,0.126,-0.062,2.298,-0.412,1.337,2.084,-0.431,0.895,2.59,2.185,1.778,1.292,1.462,-0.902,0.674,3.263,4.177
-12.255,-1.084,2.897,-3.586,4.834,5.128,-3.492,8.564,-3.511,-1.877,-4.346,0.7,7.98,0.838,6.427,-0.192,-1.089,-0.071,10.857,7.434
-4.39,-0.446,2.575,-0.965,1.081,1.343,-2.342,2.497,-0.409,0.305,-0.519,-1.13,3.458,1.227,2.705,-0.242,1.154,0.529,0.975,3.837
-12.811,-1.186,-1.477,-0.88,2.586,3.527,-0.092,3.345,0.311,1.054,0.257,0.581,5.194,2.202,1.039,4.729,1.001,2.185,5.284,3.828
-11.209,-2.856,0.059,-2.335,1.386,2.857,-3.521,1.079,-1.641,0.518,-2.366,0.87,7.743,6.024,5.311,-0.964,-1.282,-0.197,5.231,4.692
-6.733,0.922,-2.355,1.127,3.148,0.988,-0.064,4.64,-3.733,1.555,-0.554,0.901,3.56,4.127,0.613,4.116,-3.241,0.037,1.56,2.652
-8.581,-2.191,0.649,-1.496,1.017,1.498,-2.439,4.156,-0.421,1.279,-0.47,2.262,5.841,2.232,2.204,2.721,0.727,1.183,2.519,5.776
11.943,5.104,5.505,-0.241,-5.459,-4.483,3.486,-0.327,-2.678,-1.629,2.143,-3.809,-3.239,-3.478,-2.54,-4.418,-3.96,-6.486,-6.558,-4.652
-1.533,-1.373,1.27,-0.439,-0.54,-1.928,-0.9,-0.967,-0.387,2.19,0.872,-1.783,1.339,-0.978,-0.328,-0.57,0.677,3.848,1.241,2.101
-4.648,0.021,-0.143,-0.07,2.629,1.229,-1.11,2.99,-1.392,-2.069,-0.182,0.584,1.016,2.559,2.205,0.554,-1.157,0.805,2.822,3.327
-4.819,0.449,1.067,0.06,-3.503,3.455,4.055,3.42,0.131,4.543,-1.215,-2.525,3.262,6.076,6.14,2.185,2.866,-1.235,-4.33,-3.821
-4.916,0.784,0.102,-4.378,1.2,-0.012,-0.381,1.035,2.203,-0.952,-2.03,-1.181,3.58,1.502,6.222,-1.12,8.883,3.656,0.421,2.515
-11.963,-2.192,-0.923,-5.174,1.487,3.293,6.426,-4.365,12.051,0.157,3.326,-4.013,10.623,4.069,2.43,2.767,-1.395,-0.135,-6.387,-4.372
-8.412,-1.425,-1.248,0.049,1.664,-0.971,2.421,1.85,1.976,-0.454,2,0.724,2.76,1.108,3.442,1.397,3.247,1.548,3.069,0.893
-5.222,1.76,-0.646,-1.546,1.07,4.782,3.634,8.768,-3.73,6.844,1.836,-0.108,1.178,4.863,-0.371,-0.519,-2.42,-2.929,-0.989,2.606
-3.163,-1.798,-2.7,-2.652,0.944,1.207,-0.477,1.944,0.446,0.542,1.356,-0.708,5.104,-0.858,-1.479,1.247,2.994,4.086,3.223,0.331
-6.434,-1.643,-1.262,-1.691,-0.176,1.684,1.03,3.032,0.425,1.614,1.156,2.086,3.309,-0.24,1.254,2.676,1.822,2.344,3.152,-1.21
-10.968,-2.278,-0.937,-2.27,1.839,4.201,-2.638,1.55,1.165,3.955,2.022,3.181,5.282,0.319,5.065,3.378,2.248,5.581,2.516,1.59
-4.691,-1.306,0.553,0.091,3.617,1.075,-0.695,0.73,-0.813,0.363,0.241,0.665,0.308,2.15,3.167,1.721,0.873,1.908,0.985,1.483
-3.161,-1.988,-1.649,1.813,-0.09,-0.793,-1.067,-0.606,2.557,1.685,-0.514,-0.997,2.019,1.75,0.917,-1.164,1.607,3.931,2.415,0.609
-0.034,0.386,-2.45,0.732,-2.364,0.491,-0.508,0.732,-1.666,-0.411,0.058,-1.182,0.497,-2.469,-1.412,-1.44,-0.23,-0.621,0.724,2.558
-3.84,-0.975,-0.79,1.178,1.053,1.353,-0.615,-0.922,-0.922,1.001,-0.183,-0.175,0.404,1.182,-0.183,2.277,-0.029,-1.023,3.038,0.754
-10.372,-1.511,0.591,0.124,2.499,0.992,-1.653,1.379,1.246,-0.254,-0.227,2.047,5.09,2.88,2.028,3.982,0.283,2.573,4.432,3.419
-0.07,0.194,2.932,-0.314,0.864,0.331,-1.026,2.493,-0.8,-2.567,0.997,-1.408,0.342,1.084,1.291,0.324,-1.424,0.501,-0.517,0.783
3.832,0.162,-0.343,1.762,0.214,0.625,-0.771,-0.739,-0.893,-0.619,-0.938,-1.997,-1.316,0.955,-0.76,2.653,-0.726,-0.225,0.884,-0.454
-3.264,-0.73,0.553,0.621,-0.537,-1.446,1.56,1.12,2.542,3.061,2.405,-0.15,3.025,1.799,0.599,2.046,0.585,-1.833,-2.007,-0.802
5.621,3.346,-0.079,0.212,1.493,-2.246,-1.778,2.263,-0.594,-1.359,-0.144,-3.647,-4.296,0.424,-1.806,-1.416,1.357,-1.132,-0.151,-1.489
-3.729,-1.032,0.26,-1.201,1.131,2.319,-0.851,2.253,-2.626,2.201,-0.319,1.16,0.866,0.78,0.978,1.384,0.847,1.215,1.977,3.8
-3.618,-1.445,-1.567,-1.286,2.473,0.827,-0.567,1.262,-0.3,1.609,-1.248,0.537,1.158,0.738,1.373,-0.159,4.512,1.942,0.628,3.641
-7.544,-3.039,0.073,0.031,1.744,-0.197,-0.684,2.932,-0.717,2.21,2.076,2.585,3.976,1.002,3.919,3.853,2.441,0.413,-0.723,2.924
-4.436,2.244,0.532,-0.629,3.178,-0.253,-3.72,4.129,-0.81,-2.254,-0.303,0.952,3.183,-0.064,1.282,2.913,-0.237,1.476,6.179,4.09
1.988,4.09,1.915,-1.404,3.371,1.022,-0.617,1.534,-2.472,0.222,-0.343,-1.329,1.121,1.224,-1.291,-0.929,-1.979,-3.269,2.26,5.322
-1.4,-0.337,1.457,-0.178,0.4,0.968,-1.64,-0.273,-1.622,-0.467,0.874,-0.342,3.828,0.354,-1.116,0.183,2.122,3.194,1.608,2.014
5.611,2.084,5.089,1.068,3.155,-1.069,-1.234,-1.395,0.008,-0.408,-1.711,-3.832,-2.483,-0.172,-0.758,-4.242,-3.414,-3.16,1.229,-2.819
-8.433,0.665,-2.459,1.28,-0.782,-0.575,-1.277,0.648,0.842,-2.589,-0.654,2.517,1.443,0.363,-0.359,3.055,2.132,0.977,1.917,2.808
-2.215,0.97,3.541,-0.778,0.673,0.754,-0.922,3.278,-1.334,1.128,-1.55,-1.184,0.533,1.254,-0.347,-0.114,0.204,2.046,3.597,4.842
5.18,6.525,4.015,5.463,3.609,-3.517,2.145,-6.201,-2.46,2.044,-1.308,-2.698,-0.37,-1.953,-2.127,-2.953,-2.889,-1.588,-2.526,2.707
32.842,9.656,4.772,0.651,-6.995,-8.82,-1.408,2.343,-4.477,-2.807,-3.294,-7.903,-8.724,-7.491,-6.289,-8.869,-7.034,-7.668,-9.628,-7.353
-2.005,-1.07,0.279,-1.266,2.063,0.685,-3.12,1.567,-2.552,0.911,2.694,1.664,-0.061,0.814,-0.532,2.64,0.141,4.391,0.127,2.731
-6.934,-0.794,1.678,-1.422,0.025,1.512,-3.659,1.035,-1.926,2.252,2.595,2.806,1.236,0.277,1.594,3.248,6.304,0.011,-1.721,3.483
-5.9,-0.168,0.236,-0.983,0.311,0.121,1.439,2.992,0.752,1.482,1.754,1.05,3.02,1.919,2.201,1.931,-0.924,-0.247,-2.439,-0.507
-2.564,-0.885,1.459,0.171,1.191,0.583,-0.474,1.323,-1.641,1.146,0.753,-0.581,1.229,2.244,1.98,0.563,1.185,0.939,1.417,0.242
-7.226,-0.388,-0.246,-0.897,-0.994,2.144,1.017,1.656,-0.052,0.602,-0.517,0.456,3.174,3.165,0.637,1.179,-0.244,2.304,2.873,2.821
-4.93,-1.857,0.889,0.688,1.408,-0.19,-2.107,0.902,-1.968,2.021,-1.289,0.508,3.197,0.442,1.82,1.861,0.714,7.086,2.137,3.748
-9.746,1.544,-2.969,-0.69,0.329,2.898,-1.164,7.608,-1.367,2.381,1.787,-1.784,2.977,6.407,6.931,-1.994,-3.559,-3.5,2.535,6.449
-5.868,-1.696,-1.796,-0.377,0.377,0.748,0.218,-0.342,2.553,1.705,0.599,2.66,2.108,0.358,-0.433,2.748,3.036,0.511,1.239,0.246
-4.042,-0.166,-1.038,-1.356,-0.143,-0.737,-1.323,0.694,-0.274,1.443,0.48,0.641,4.13,1.394,-0.944,1.194,2.853,0.91,0.454,0.535
-2.342,-1.366,0.629,-0.482,0.072,0.567,-2.384,-1.031,0.825,-1.733,1.19,1.308,2.075,1.453,0.822,1.679,1.559,2.782,1.092,1.253
3.619,2.224,6.848,1.529,1.858,-3.392,-2.447,-1.043,-2.141,0.797,-5.082,-1.237,-1.978,0.452,0.766,-2.885,1.144,4.931,-1.975,6.039
3.497,2.573,1.892,-0.124,0.887,-4.129,-1.306,-1.23,-1.579,1.738,-3.23,-1.077,-2.21,2.479,2.506,-2.651,0.041,4.647,-1.502,1.68
-2.328,0.282,0.911,-0.333,0.25,-1.757,-1.775,2.103,1.858,0.383,0.576,0.649,-0.561,1.755,0.047,0.015,0.116,3.118,1.529,-0.698
-5.394,2.631,-0.075,1.423,-2.049,4.35,0.952,7.928,-3.862,4.339,-1.96,-2.05,3.194,1.993,-1.201,2.133,-1.418,1.126,-3.378,6.365
-5.806,-4.143,-1.754,-2.736,0.905,2.762,0.441,1.39,2.425,0.557,0.139,0.969,2.358,0.353,2.492,1.914,4.472,-0.144,-0.072,-0.245
2.375,-0.868,2.628,1.051,-0.318,-2.857,1.231,-1.98,-0.703,-0.532,-0.133,-1.989,0.44,-2.063,-1.787,-2.727,-1.177,-2.671,-0.255,-0.597
-4.16,1.223,3.161,2.762,2.649,-0.876,-0.634,2.104,-1.758,2.422,3.804,4.906,-2.129,1.643,1.557,2.859,-2.591,-1.977,0.001,-1.101
-3.742,-1.395,2.156,0.239,1.902,3.487,-1.715,-0.526,0.042,1.702,-2.146,1.91,2.985,1.622,0.287,0.07,0.866,0.051,0.896,-0.337
4.797,1.248,4.721,0.757,-1.94,-4.317,-0.819,-1.509,-2.309,0.362,-1.911,-0.79,-0.816,-0.497,-3.635,-2.322,-2.159,-0.299,-1.404,4.054
0.392,-0.907,-2.109,-3.495,-0.427,-0.73,-0.829,-0.536,-0.845,0.806,0.74,0.781,-3.276,1,0.259,-0.827,1.108,1.425,3.073,1.772
7.862,4.226,7.43,1.83,0.37,-0.244,-2.698,-2.139,1.794,-2.486,-2.914,-4.14,-6.954,-3.916,0.774,-4.863,-5.47,-3.632,-2.613,-7.153
9.98,3.668,4.274,0.969,0.958,-2.642,1.706,-2.289,0.442,1.142,-1.528,-2.939,-2.657,-3.086,-1.697,-3.22,-3.006,-0.791,-4.877,-2.021
-6.829,1.832,-2.125,-0.274,0.859,0.346,2.613,0.657,0.557,1.013,0.093,2.015,1.288,0.271,-1.601,0.587,0.238,1.056,3.216,2.918
2.261,0.718,1.475,-0.098,-0.427,-2.684,0.031,-0.298,-1.217,-0.423,-0.732,-1.262,-0.352,0.765,-1.828,1.022,0.119,1.042,-0.316,2.301
-7.49,-2.611,-3.148,-0.476,-1.167,2.137,3.875,2.002,1.372,3.517,0.401,0.941,3.701,-1.615,0.555,1.452,0.992,1.807,2.925,2.316
-5.275,-0.217,-0.06,1.151,0.692,-0.202,-0.406,-1.185,-1.02,0.432,-1.411,0.466,0.342,0.915,1.104,0.68,1.193,4.278,1.008,-0.171
11.688,4.884,0.92,3.469,0.065,-0.628,-3.246,-0.748,-1.802,-0.58,-2.371,-3.156,-2.9,-1.791,-0.981,-3.549,-1.654,-0.779,-3.105,-0.688
-6.315,0.378,0.54,0.645,-0.161,0.996,1.348,3.168,0.07,1.571,2.523,3.817,1.138,3.285,1.393,1.417,-1.778,-1.395,-1.405,0.376
-6.615,1.583,1.773,1.003,2.077,0.167,0.52,2.102,1.66,1.256,3.257,3.784,0.717,4.489,4.068,4.848,-3.407,-2.733,-3.244,-0.229
0.735,0.316,-1.569,-0.7,0.059,0.026,0.492,0.048,3.075,-1.328,1.084,-1.434,1.31,0.012,-0.413,1.671,1.604,-1.995,2.425,-1.065
7.918,1.59,5.224,4.532,-0.887,-4.465,-2.021,-2.464,-3.193,0.687,-2.043,-2.888,-1.899,-3.04,-1.521,-2.893,-3.602,-1.499,-2.07,-1.146
-8.274,-2.111,-1.675,-0.623,1.057,1.633,-1.283,1.371,1.505,1.125,-0.452,2.387,2.256,1.869,4.363,1.821,2.901,3.94,1.302,3.08
-0.224,2.499,1.933,0.119,-0.169,-3.508,-1.064,1.069,-4.275,3.272,-2.413,-0.19,2.09,0.463,-0.306,-0.734,-1.125,3.337,0.005,5.472
-6.776,-5.042,-0.661,-3.71,0.899,1.003,-4.505,0.291,-1.863,0.417,-2.201,-3.658,5.851,2.042,2.151,2.387,-2.752,-0.025,-6.072,-5.472
-7.95,-3.255,-3.654,-0.256,1.043,2.18,-1.495,-0.883,2.518,1.186,-0.14,1.162,3.754,0.783,2.139,2.497,2.226,1.79,2.256,-2.342
0.86,0.681,0.102,0.171,-1.223,-2.887,1.072,0.176,-2.151,1.84,-2.005,0.55,0.254,-0.989,-3.969,-2.521,1.364,0.59,-1.272,4.282
-11.888,-2.85,-2.355,-1.631,2.306,3.269,4.02,0.359,2.559,0.049,3.233,2.881,3.452,1.974,3.054,7.277,7.943,-0.184,2.715,-2.64
5.004,1.684,8.029,5.457,-1.74,-4.357,0.55,-4.467,-4.595,-2.391,-5.404,-1.082,-8.081,-6.512,-0.471,-4.302,-5.819,-3.656,-5.771,-5.911
-5.545,-1.076,0.958,0.045,-0.143,0.785,-2.018,-1.158,-1.475,1.663,-0.445,1.801,2.986,1.545,1.797,4.486,3.367,2.342,3.421,3.062
-14.687,-5.13,0.148,-1.394,3.293,4.384,-3.253,4.819,-0.834,3.291,0.805,5.944,8.323,4.214,4.397,7.194,4.922,6.863,2.561,3.848
-7.361,-0.626,1.518,-0.703,1.637,1.278,-1.211,1.88,1.219,-0.139,1.661,-0.548,2.468,0.242,1.95,4.539,3.86,2.988,2.337,3.66
-4.965,-0.714,0.428,-1.691,0.555,1.363,-2.429,1.015,-0.113,1.784,-0.064,1.435,3.331,1.096,-0.795,1.421,2.86,0.45,1.331,2.146
-10.663,-5.233,-0.653,-0.272,0.275,2.341,-3.984,2.166,1.271,1.508,3.738,3.668,4.901,2.709,2.974,7.913,6.099,4.17,1.482,1.056
-8.569,-2.696,-3.063,1.558,0.165,0.12,1.734,1.806,2.977,-0.547,2.756,2.059,1.444,1.697,1.979,3.248,3.928,-0.328,1.755,0.35
-2.628,3.223,0.244,-3.792,-0.683,3.412,-1.951,4.826,-1.019,1.369,-3.295,-1.151,1.766,-0.259,2.756,-0.187,0.794,4.015,-0.42,2.566
-5.225,-3.277,-1.043,-1.715,0.935,1.647,1.251,0.921,3.823,0.69,1.764,3.531,1.879,0.936,1.39,2.79,2.628,-0.622,2.389,-0.055
1.829,0.862,1.671,-0.071,-3.732,-4.7,-0.448,0.679,-3.214,1.323,0.579,-0.509,2.162,-0.821,-4.484,-2.922,0.019,1.436,-0.913,7.877
-6.528,-0.087,1.647,-1.972,3.524,1.461,-1.224,1.818,0.771,-0.159,-2.699,-1.621,3.545,3.942,1.289,0.758,-1.721,1.621,3.567,4.976
-12.737,-3.219,0.894,-0.986,2.071,1.411,-1.136,2.991,-0.032,2.35,1.363,3.583,7.601,0.025,6.179,3.356,6.824,6.331,3.61,6.413
-15.334,-5.81,-4.621,-1.22,2.184,1.91,3.319,1.061,6.264,-0.756,3.15,3.864,2.747,0.648,2.029,6.93,7.586,-0.091,5.477,-2.514
-2.053,1.318,1.016,0.494,0.764,-0.635,-0.99,1.319,-1.068,4.442,-0.294,-1.277,0.709,1.476,-0.668,0.561,-0.929,3.372,-0.109,2.21
1.24,-0.571,1.972,-0.739,-2.972,-2.313,0.241,-0.698,-0.826,-0.589,0.136,-0.81,0.467,-0.406,-1.751,-0.368,0.57,0.709,0.042,2.045
-1.227,-0.601,-0.679,-0.017,-0.721,0.271,0.899,-0.68,-1.271,-0.715,1.128,2.701,2.624,0.675,-1.455,0.699,0.946,0.838,1.716,0.402
-1.059,-0.055,-0.812,-1.741,0.962,0.559,-0.632,1.343,1.491,-3.71,-2.244,0.029,0.2,0.563,0.957,-0.432,1.982,0.884,2.728,2.215
-0.926,-0.436,0.037,-1.873,3.148,-2.255,0.258,-1.18,0.527,-1.266,-1.394,0.092,0.265,0.417,0.694,-0.543,2.955,2.246,1.218,4.17
-2.851,-1.424,-0.836,-0.229,1.058,-1.015,-0.455,0.981,1.158,0.92,1.898,0.958,4.199,-0.301,-0.943,0.109,0.358,-0.007,-1.445,0.706
-8.998,-2.532,-2.657,-1.538,-2.552,0.246,0.84,0.403,1.258,0.91,-1.041,3.33,0.891,-0.283,5.809,2.582,0.823,4.954,-0.62,0.352
1.408,-0.366,1.815,0.547,1.252,-1.567,0.687,-0.592,-1.001,-0.434,-1.248,-1.36,-0.155,1.422,0.631,-0.235,-1.345,1.047,-2.324,0.313
-15.12,-5.297,-1.759,0.36,2.332,1.224,-3.359,2.562,2.925,1.745,-0.464,1.817,6.433,2.267,4.91,4.128,7.006,4.173,3.154,3.732
2.753,0.475,2.788,0.263,1.309,0.152,-1.688,0.445,-0.028,-0.47,0.612,2.304,-1.171,0.553,-0.483,-0.074,-2.437,-0.227,-1.246,-0.277
-7.517,-1.868,-0.972,0.363,0.72,0.576,0.29,1.017,0.656,-0.144,0.77,1.504,0.542,1.449,1.661,2.859,1.907,2.488,2.245,3.17
-3.626,-0.667,3.028,1.554,-0.18,-0.317,-3.232,1.912,-2.89,0.151,-2.113,2.129,1.771,-2.047,2.236,2.666,1.566,0.64,-0.974,4.659
-16.288,-5.444,-0.806,-0.247,1.668,5.533,-4.398,2.039,-0.436,2.196,2.423,6.991,6.646,3.598,4.871,7.436,8.23,2.293,0.971,4.065
-6.8,-0.929,0.444,-0.996,2.709,2.407,-4.344,1.267,-2.926,-1.163,-2.109,1.745,3.465,1.21,2.243,0.266,0.479,2.248,4.025,4.123
-2.893,1.862,-0.274,2.301,0.927,0.045,-1.365,2.935,-2.129,3.299,0.231,1.125,1.613,3.614,-0.572,0.792,-0.567,2.146,0.332,0.775
20.018,9.793,6.867,-2.13,-3.226,-1.865,-2.649,-1.458,-0.388,1.513,0.878,-4.209,-6.817,-6.117,-0.361,-5.912,-6.294,-4.541,-3.137,-8.386
0.17,1.384,1.583,-2.683,-0.531,4.609,-1.764,1.674,-0.238,-0.152,0.159,0.965,-1.081,-0.627,2.083,-0.374,-0.982,2.396,-0.809,-0.499
-4.695,1.486,2.845,-0.2,4.488,-1.723,-3.378,4.909,-2.606,2.01,-1.01,0.511,1.736,1.272,1.845,2.818,0.623,4.434,2.487,5.683
-9.123,-2.492,-2.882,0.999,0.38,0.037,2.633,0.583,1.68,0.479,3.263,3.181,3.547,2.038,3.666,2.489,3.048,1.157,0.19,0.736
-1.044,-0.041,0.214,1.399,2.301,0.47,-0.538,-0.119,0.164,-1.639,0.718,-0.644,0.396,1.999,1.377,0.032,-0.544,-0.339,0.334,-1.147
-3.84,-0.214,-0.183,0.549,2.365,-0.282,-0.213,3.922,-1.266,0.898,-0.25,0.875,1.966,1.594,0.772,1.242,-0.229,-0.973,1.407,2.384
-4.735,0.816,-1.348,-0.114,2.287,1.206,-2.955,5.499,-1.319,1.788,0.291,2.303,2.209,0.029,1.381,3.007,-1.723,-2.068,0.521,-0.402
-7.312,-3.019,-0.472,-2.415,2.351,2.942,-3.114,2.615,-0.922,2.762,2.075,2.288,4.3,1.14,2.968,2.673,5.381,1.141,-0.712,2.37
-13.604,-2.551,-2.767,-3.073,1.573,0.654,1.632,1.622,5.996,0.899,4.528,3.847,2.271,0.73,4.438,5.503,5.253,0.559,1.803,2.499
-7.04,0.237,-0.744,-4.942,2.525,1.886,1.898,1.984,2.308,-0.002,-0.158,-0.06,3.059,-0.7,6.149,-0.291,5.423,4.445,1.576,1.767
5.876,4.19,9.127,3.933,-6.798,-7.758,-4.091,-0.162,-7.623,0.146,-5.563,-5.615,-0.874,-5.58,-3.737,-5.636,-3.561,3.543,-2.544,8.198
-4.995,-1.619,-0.485,1.177,1.447,1.101,-0.781,1.383,-1.915,1.387,-0.581,-0.709,4.223,0.32,1.473,0.54,-0.999,1.872,2.406,2.746
-8.794,-0.978,-3.091,-0.552,0.684,1.696,1.278,2.574,0.305,3.229,0.202,1.504,4.701,0.178,2.326,1.283,0.226,0.232,1.6,1.662
-2.755,-0.755,4.779,1.263,0.828,1.251,-1.68,0.068,-0.542,-1.456,-1.001,-0.489,-0.976,1.564,-0.859,2.856,-2.295,0.863,1.48,2.181
22.179,10.005,9.002,-0.193,-1.933,-1.5,-4.756,-2.615,0.381,1.499,0.075,-6.659,-8.845,-6.599,0.572,-7.658,-7.564,-3.838,-2.774,-10.893
28.089,15.098,14.806,0.774,-2.918,-2.296,-6.143,-3.352,-0.25,2.138,-1.231,-10.017,-11.949,-9.621,1.61,-11.319,-11.506,-4.577,-4.639,-16.32
9.03,2.492,-0.073,-0.325,0.703,-3.094,-0.102,-1.086,0.082,-0.048,-1.1,-3.775,-3.376,-1.739,-0.992,-2.017,0.204,-1.791,-1.935,1.909
-8.049,-2.338,-1.985,-1.623,1.688,-1.045,-1.185,-0.031,1.239,3.552,-1.448,1.888,7.593,5.727,2.935,-1.695,-3.041,-2.177,0.395,0.701
-4.712,-0.483,0.281,-1.119,-0.18,-1.113,-1.484,1.081,-1.27,0.353,-0.746,0.681,4.05,1.187,1.972,0.665,2.995,4.469,0.949,3.686
2.824,1.274,4.488,-3.126,-1.407,-4.041,-1.414,-0.422,-3.169,1.538,-1.921,-0.229,1.876,-1.258,-3.994,-1.212,-1.464,-1.108,-0.959,4.54
2.979,-0.575,0.435,1.318,2.296,0.194,-1.256,-0.194,-1.499,0.292,0.213,-1.652,0.67,0.512,-0.352,1.524,-2.33,0.993,-1.468,-2.46
10.84,1.289,1.608,0.063,-1.36,-0.114,0.017,-0.27,-3.423,0.32,-0.441,-0.843,-3.617,-1.563,0.444,-2.283,-1.091,-0.432,-2.337,-2.533
0.42,-0.017,0.789,0.263,1.483,1.639,-0.68,0.144,0.071,0.72,2.917,-2.331,-2.8,1.713,-1.252,0.787,-2.029,0.035,0.861,1.941
0.106,-2.07,-0.576,-0.239,3.363,-2.664,-2.074,-1.175,-1.124,1.869,-0.933,-0.54,0.401,3.816,5.219,-1.578,1.656,4.63,-0.279,3.211
-8.155,-1.424,-3,-1.203,3.24,2.473,-1.927,1.13,0.708,0.571,2.377,1.7,1.745,1.922,0.879,1.93,3.334,2.553,0.726,2.356
-3.76,-2.165,-0.983,0.114,-0.914,0.102,0.057,-1.258,2.023,0.699,0.527,-0.293,2.477,3.591,0.572,2.01,2.74,-1.395,1.785,-1.927
-10.439,-4.281,-5.291,-3.131,-1.272,0.584,0.861,2.099,3.986,1.397,2.544,1.855,0.861,1.728,0.659,1.027,0.891,-1.125,0.669,-3.644
3.439,0.139,1.329,1.342,3.928,0.547,-0.232,-0.578,-0.846,-1.313,0.592,-2.699,-1.726,-0.081,0.056,0.368,-1.803,-0.498,-0.108,-1.177
-8.246,0.066,-1.202,0.862,-1.646,4.469,3.053,6.129,0.458,6.218,0.279,-3.708,7.635,4.605,6.711,2.245,2.394,-0.562,-6.676,-3.128
-3.669,-1.411,1.147,-0.163,1.249,0.23,1.062,2.34,2.567,1.006,2.739,1.792,1.766,1.269,0.61,0.465,-1.586,-2.624,-4.094,-1.402
-10.389,-2.574,-3.496,-0.172,1.687,1.08,3.554,1.235,4.31,1.034,3.454,4.691,0.465,0.113,3.182,4.476,2.36,-0.874,-0.527,-0.133
-7.189,-3.025,0.263,-0.642,1,0.603,-2.655,1.761,-0.351,1.117,1.879,4.594,5.337,3.528,1.787,2.453,4.309,3.65,2.987,1.379
-5.783,-0.592,0.295,-0.545,0.533,-0.502,-0.674,1.757,-0.161,0.006,1.617,2.032,4.409,-0.061,0.833,1.489,1.281,0.65,4.011,2.714
-3.479,-0.973,2.018,-1.546,-0.719,1.591,-1.062,2.751,-2.194,0.109,0.442,2.237,2.463,-0.172,0.976,4.395,0.413,0.856,0.678,3.721
-6.399,-2.024,0.153,-0.028,0.739,2.13,-2.65,1.109,1.097,2.047,-0.789,1.378,4.443,2.316,2.435,3.026,0.827,3.733,-0.046,2.061
-9.657,-2.975,-1.07,-1.146,1.908,2.304,-3.515,0.563,-1.893,1.655,3.691,6.438,4.169,0.616,4.524,3.554,8.551,-0.088,0.102,2.199
-12.099,-5.168,-0.376,-1.834,2.008,4.552,-3.679,3.101,-0.491,1.84,2.512,4.962,6.592,3.289,4.143,5.769,6.769,5.582,2.735,4.71
-10.565,-3.43,-4.8,-0.863,0.609,2.26,1.341,0.956,2.32,1.759,2.575,2.351,3.219,0.383,1.88,4.395,5.489,1.643,1.468,4.119
-14.185,-5.902,-5.427,-1.76,2.286,2.276,3.358,1.242,6.648,-1.048,2.749,4.518,1.7,-0.109,2.802,6.655,9.607,-0.604,3.555,-0.614
-16.913,-3.967,-5.893,-2.002,1.046,3.001,3.202,1.01,7.134,-0.824,4.993,5.485,1.907,0.302,1.727,7.353,8.976,0.21,6.052,-1.694
-4.888,-1.757,-1.574,0.808,0.08,2.343,-0.032,0.985,2.772,0.683,1.496,2.794,0.648,-0.571,1.83,3.206,1.749,0.598,-0.719,0.769
-11.482,-3.536,-2.337,-1.926,0.687,1.786,0.207,1.265,1.036,2.077,2.086,4.214,3.302,-0.029,2.31,4.306,8.165,1.214,1.335,1.209
-9.271,-2.218,-2.336,1.259,0.613,1.848,0.275,2.926,-0.147,2.833,-0.766,2.949,3.449,1.333,0.71,2.795,0.521,1.56,3.038,0.89
-6.555,-3.109,-1.108,-0.602,0.976,-0.355,-1.494,1.397,0.955,1.911,0.297,-0.977,1.442,2.571,0.228,1.298,2.526,2.17,0.859,2.043
-3.214,-0.965,-0.883,0.585,1.628,-1.109,-0.452,0.656,-1.076,2.425,1.656,-1.864,2.482,2.238,2.139,2.73,0.259,-0.867,0.701,2.743
-6.009,-0.917,0.195,0.754,0.737,-1.449,0.183,-0.28,0.897,-0.522,-0.239,1.766,1.993,-0.509,-0.135,0.137,3.213,0.924,2.573,-0.553
7.694,3.828,7.214,1.113,-3.003,-5.064,-1.868,-2.539,-3.078,0.115,-2.62,-1.359,-1.53,-2.177,-4.402,-3.005,-3.076,0.074,-2.423,4.046
12.506,6.46,11.127,7.39,-1.244,-9.614,-2.506,-4.503,-7.757,1.154,-5.929,-3.998,-7.779,-6.214,-3.467,-5.636,-7.615,-1.148,-6.36,-2.875
