263,264,234,195,210,215,197,259,233,259,235,219,261,279,249,269,385,475,806,1149
228,245,223,160,196,190,211,238,192,279,250,259,229,236,216,290,361,459,725,1014
128,133,129,100,123,131,129,132,98,152,141,145,140,122,131,159,201,267,446,604
154,190,174,124,175,142,160,162,144,218,185,153,178,200,154,236,234,351,630,806
158,190,205,162,164,158,176,174,164,213,229,177,187,216,180,240,285,389,595,817
218,251,251,193,233,205,240,268,234,277,276,244,235,271,224,308,359,450,719,1117
739,799,780,613,659,607,694,788,657,875,812,772,735,789,727,900,1132,1470,2336,3203
114,127,149,99,109,100,95,122,111,119,131,122,120,116,124,142,190,273,410,541
1113,1232,1113,973,1048,968,1071,1251,1053,1293,1312,1152,1224,1322,1187,1434,1725,2231,3638,4935
3524,3811,3656,3030,3288,3216,3501,3807,3224,4112,3894,3632,3818,3865,3633,4242,5256,6935,10539,14146
105,121,107,94,113,81,104,116,96,121,120,125,94,120,101,130,175,250,366,547
893,984,998,827,930,870,885,1026,907,1162,1042,994,1011,1095,1009,1163,1458,2019,3143,4222
1232,1343,1302,1069,1194,1135,1216,1368,1230,1430,1329,1356,1387,1433,1336,1558,1980,2474,4030,5739
238,269,302,190,254,237,251,306,239,274,264,269,283,300,268,328,397,509,849,1154
1014,1131,1078,940,1062,996,1044,1122,936,1152,1149,1074,1116,1097,1091,1181,1355,1785,2559,3361
83,66,66,53,65,66,72,61,64,83,77,68,72,73,69,89,110,143,219,309
1465,1499,1568,1282,1365,1297,1391,1590,1297,1584,1608,1494,1513,1594,1492,1724,1986,2529,3907,5180
747,848,789,655,688,724,686,906,781,891,875,885,826,874,819,1007,1175,1580,2512,3397
199,210,214,155,183,186,161,213,174,236,183,197,215,220,202,274,324,377,654,873
1017,1112,1094,887,988,945,979,1156,1048,1234,1173,1157,1112,1136,1057,1350,1687,2141,3386,4677
247,245,237,201,243,234,242,262,215,303,260,255,284,295,251,317,407,535,879,1141
184,209,195,144,185,199,202,227,175,227,195,195,204,178,214,227,292,374,621,831
304,315,308,244,267,267,296,318,307,357,294,307,312,289,321,402,483,584,981,1323
151,156,139,120,139,128,127,158,103,156,155,151,161,172,131,198,237,293,468,697
2029,2190,2154,1703,1922,1937,1968,2289,1864,2469,2189,2212,2212,2303,2093,2570,3193,4014,6718,9192
164,154,139,119,126,136,151,175,133,198,173,154,176,183,158,202,230,295,470,644
180,184,191,123,143,156,167,201,135,225,182,195,183,187,160,219,271,345,549,778
195,212,185,159,181,172,194,212,180,240,217,203,236,201,191,248,318,397,682,865
741,751,729,656,723,730,720,767,634,751,796,749,728,710,734,812,838,1070,1430,1841
252,271,269,191,213,231,210,242,244,276,277,281,254,263,256,290,375,486,817,1113
329,363,375,268,288,297,294,352,310,389,376,372,357,355,353,392,485,673,1058,1396
162,161,163,144,150,155,174,180,165,221,167,168,193,176,157,192,259,366,576,767
195,170,191,155,173,157,179,204,161,202,198,189,163,188,203,179,288,390,540,733
46,36,22,27,32,37,41,43,32,42,43,39,38,38,45,44,55,90,130,159
171,222,178,154,151,150,167,189,193,206,211,210,179,185,196,203,263,356,516,732
98,104,112,84,107,82,95,111,87,124,115,109,112,112,108,131,145,255,310,462
533,540,557,446,453,511,521,565,505,610,578,506,549,563,559,627,831,1151,1670,2304
109,116,101,101,96,110,96,136,119,142,109,127,135,134,114,143,173,236,392,537
140,147,153,136,135,139,143,182,157,185,166,174,180,183,179,191,257,341,501,719
117,142,143,103,99,126,128,151,116,145,136,149,167,152,139,150,198,261,404,647
67,56,65,60,61,58,62,78,61,94,84,73,69,74,71,68,98,154,243,310
167,159,142,102,126,125,156,156,147,196,175,183,160,173,154,167,243,338,523,683
59,70,59,61,68,49,58,59,54,84,79,56,73,76,72,75,92,137,220,307
146,161,160,135,145,138,162,160,136,199,176,184,171,202,147,190,274,374,528,740
378,406,409,360,378,334,387,467,343,458,416,428,386,452,397,475,606,860,1254,1751
45,44,45,33,34,47,45,46,47,56,55,39,43,50,52,59,85,115,156,204
24,36,24,31,32,36,42,48,42,56,39,39,29,42,32,34,50,89,108,177
105,114,123,73,98,84,97,117,101,125,105,97,105,110,108,121,151,229,315,433
137,143,131,126,149,153,147,150,123,169,161,135,142,154,140,152,180,287,397,552
62,89,69,55,66,50,67,66,63,67,73,64,67,73,71,92,94,138,220,312
134,141,148,114,102,116,112,142,126,162,120,133,124,136,122,150,224,263,421,603
530,506,522,448,497,487,504,543,482,644,590,552,576,579,527,661,767,1128,1697,2253
43,49,45,34,37,31,41,45,38,50,38,39,47,52,43,51,64,83,138,181
572,596,570,463,510,528,558,636,543,719,610,607,633,653,594,689,922,1233,1924,2626
73,82,80,67,64,80,85,97,78,93,85,68,69,86,73,111,114,195,260,342
80,65,87,73,80,73,79,82,54,82,80,69,86,75,83,101,89,157,235,305
137,134,118,100,114,115,126,145,113,143,142,134,144,145,135,165,207,245,390,564
279,309,342,279,307,293,293,367,321,409,353,332,370,372,295,400,476,644,1064,1415
70,72,52,60,58,61,53,75,66,78,61,79,74,66,70,64,91,145,206,305
72,64,69,48,65,64,63,75,59,83,86,68,75,74,53,69,102,147,202,325
72,88,82,60,83,60,78,92,64,103,90,78,90,103,92,109,146,170,260,374
182,180,187,161,182,185,165,228,177,250,199,183,207,188,184,213,288,366,623,841
117,101,129,88,112,115,108,107,120,125,135,121,112,110,118,131,141,229,335,511
174,194,203,165,150,182,210,217,175,231,202,216,215,195,201,197,280,398,648,852
223,237,253,195,199,198,208,255,212,282,268,269,239,225,237,280,368,504,734,1048
405,395,383,314,363,333,368,391,367,454,404,417,398,431,400,464,556,757,1203,1580
137,167,166,148,157,164,168,170,138,209,162,178,182,155,175,199,208,320,502,675
92,109,86,74,96,77,91,97,90,108,90,97,85,114,105,108,144,178,262,381
67,73,66,54,57,55,64,76,73,97,75,85,67,78,79,92,109,140,219,324
142,188,174,130,181,158,162,181,142,176,181,184,170,183,163,212,243,283,511,645
38,58,47,29,49,42,57,45,51,59,66,50,48,57,40,68,63,107,182,210
169,149,143,120,126,148,154,167,122,151,160,143,149,161,168,170,227,313,437,655
260,278,261,228,205,245,248,284,238,283,299,243,281,272,300,307,407,488,788,1191
832,893,890,700,773,825,856,991,771,1013,907,876,866,953,892,1070,1243,1676,2539,3519
64,64,61,48,52,41,63,58,45,65,51,55,66,78,67,75,90,118,201,255
210,224,240,171,202,214,244,251,224,256,238,241,224,227,239,265,325,462,707,959
97,108,97,71,90,102,94,97,80,103,116,114,111,109,109,105,136,219,278,342
127,131,134,107,123,113,137,145,128,159,152,125,150,167,127,160,183,269,423,564
89,83,73,69,74,67,59,79,69,109,102,62,91,89,76,90,120,179,244,356
38,41,31,33,30,40,37,45,32,60,46,36,36,41,32,39,63,85,112,151
96,118,95,80,72,104,91,112,90,134,91,101,101,125,94,99,159,208,289,445
140,134,160,123,133,125,129,153,120,187,158,155,153,170,158,180,206,314,472,648
129,158,144,104,115,124,123,168,111,177,154,131,158,177,136,176,206,313,428,635
65,55,46,50,56,63,51,70,56,83,61,60,51,72,63,68,94,111,209,235
44,64,56,43,45,50,48,62,55,76,49,58,54,52,54,64,73,104,184,249
68,91,91,65,60,73,90,83,74,99,98,81,92,94,77,83,118,155,249,345
118,120,112,108,104,112,123,133,99,151,129,132,115,125,106,136,171,229,335,443
62,68,71,71,73,71,78,80,59,104,82,83,64,55,61,75,108,171,252,304
71,70,74,48,54,63,71,74,63,69,68,69,54,88,69,81,109,149,206,284
94,100,99,79,78,65,83,84,80,101,97,85,88,85,89,90,142,181,256,369
273,311,279,247,264,253,259,324,298,339,298,299,305,326,318,379,440,544,940,1356
336,381,377,323,298,313,329,389,331,393,375,399,403,402,365,427,543,733,1127,1595
91,94,108,88,74,76,87,85,90,108,100,94,91,83,96,114,142,208,324,396
61,75,60,46,55,59,48,61,49,67,55,54,60,67,66,56,86,122,182,251
112,119,126,92,110,101,104,122,101,142,133,122,134,105,117,133,189,260,390,558
223,266,262,195,226,227,224,253,214,310,251,279,254,309,230,298,386,522,768,1084
35,41,39,31,29,27,38,33,31,47,44,35,42,38,33,56,57,74,101,168
51,42,41,37,46,41,48,43,35,52,40,41,52,50,40,59,67,98,152,173
134,144,140,121,121,110,143,132,132,174,153,135,153,169,143,160,208,296,486,635
85,117,108,89,83,77,114,110,103,139,128,110,106,136,92,124,163,230,358,538
88,132,110,88,88,88,82,107,97,125,121,117,111,122,107,120,165,205,334,452
428,469,415,350,416,387,449,515,401,513,508,438,446,450,461,524,590,876,1295,1769
700,728,697,644,694,687,680,715,579,671,752,701,707,669,688,703,767,1014,1338,1625
132,129,142,101,93,108,124,171,122,165,147,104,136,154,136,167,195,252,410,584
85,91,103,75,76,93,83,110,88,112,99,102,108,118,98,117,143,199,293,429
78,59,91,59,66,65,86,103,61,79,95,86,84,91,85,101,131,147,241,319
151,160,174,135,134,132,154,163,139,167,165,152,179,164,165,182,213,306,489,696
82,67,57,69,54,57,70,96,69,92,63,73,69,75,74,81,105,172,233,303
181,179,203,166,163,183,187,201,178,206,199,187,207,192,193,210,276,382,558,801
84,109,102,76,75,93,91,102,76,133,82,104,100,110,97,114,137,202,315,413
25,21,18,16,14,20,15,19,13,16,15,15,16,18,12,11,27,45,39,50
3,3,8,8,10,11,6,9,9,12,9,3,5,10,8,7,13,18,18,14
273,274,298,217,292,245,247,301,284,353,289,321,290,316,300,335,417,596,850,1215
138,127,137,114,139,132,146,146,119,153,150,154,154,169,128,156,200,281,440,566
86,79,92,65,64,63,89,91,70,88,86,79,90,91,74,124,146,166,273,337
175,195,189,140,187,155,164,197,162,217,198,181,189,188,201,231,258,399,587,782
57,68,57,48,63,52,59,59,59,70,71,56,71,77,58,73,101,165,215,272
32,37,34,32,35,24,34,33,37,38,39,33,36,32,34,37,56,93,121,140
141,168,137,124,148,115,126,161,133,198,164,171,171,204,160,220,260,301,542,698
300,291,300,267,292,281,310,336,299,375,346,321,334,347,322,378,508,609,1004,1350
325,331,340,295,302,292,354,373,310,401,386,378,387,394,382,404,531,682,1094,1482
162,208,188,182,208,172,196,218,193,261,215,215,221,242,200,269,315,422,654,852
114,121,141,91,112,125,138,144,109,174,140,124,126,143,128,164,201,293,435,669
72,62,70,46,67,64,83,71,69,76,63,62,75,77,73,82,115,159,223,304
74,82,75,71,68,73,69,93,69,74,92,80,73,101,83,96,91,177,259,330
691,684,736,584,594,596,607,730,585,789,757,730,713,719,702,847,1098,1406,2257,3021
103,113,130,94,91,91,101,113,106,125,107,109,113,111,128,114,200,219,363,465
146,147,158,116,109,102,103,159,116,157,158,155,154,133,146,195,222,288,461,660
1041,1044,1113,891,867,944,993,1097,983,1183,1157,1071,1129,1128,1029,1320,1614,2133,3430,4570
1295,1338,1268,1123,1195,1226,1252,1355,1127,1361,1354,1326,1335,1346,1288,1433,1694,2105,3248,4218
207,214,215,163,184,186,162,186,175,217,220,229,204,220,194,208,288,388,642,887
274,287,265,225,224,252,224,273,240,310,260,300,288,290,255,299,399,503,838,1166
221,221,195,178,173,195,183,221,205,241,205,245,208,225,219,288,324,383,670,929
831,858,798,719,801,813,794,850,717,854,881,850,830,797,822,896,961,1215,1717,2222
874,897,865,776,834,846,835,901,773,890,904,897,874,834,876,943,1061,1324,1902,2416
751,766,766,650,743,730,737,758,645,756,792,753,763,707,746,748,871,1091,1519,1850
156,156,184,125,133,133,159,139,148,184,154,167,156,158,156,184,229,322,505,677
288,328,322,236,266,282,258,319,263,341,328,300,344,313,322,351,492,585,988,1316
407,468,464,336,365,376,418,401,370,471,452,427,455,442,449,513,650,835,1315,1766
81,84,78,74,70,68,78,99,56,104,85,91,79,90,71,116,135,181,288,403
263,303,277,227,236,254,232,263,247,289,299,280,297,288,254,318,413,537,837,1128
753,767,776,603,655,638,696,814,679,890,821,752,771,805,754,923,1132,1446,2386,3191
728,747,776,570,671,649,738,752,631,861,783,755,811,771,757,859,1082,1342,2220,3097
518,536,583,481,512,508,518,586,472,627,638,566,593,590,526,634,817,1036,1732,2264
4337,4774,4613,3736,4141,4047,4315,4812,4090,5349,4846,4609,4934,4968,4483,5436,7075,9523,14607,20042
2214,2363,2294,1914,2031,2043,2137,2368,2037,2639,2421,2298,2428,2460,2197,2696,3520,4596,7093,9779
2850,3116,3131,2495,2705,2640,2884,3217,2590,3463,3277,3122,3276,3271,2985,3690,4494,6159,9594,13130
240,302,262,225,227,265,250,296,256,328,262,284,298,304,271,323,411,528,834,1231
217,263,237,213,205,241,229,266,228,296,245,253,278,266,246,295,375,475,766,1124
761,862,861,672,763,740,767,884,731,922,882,863,893,925,787,987,1283,1623,2677,3752
2021,2147,2083,1740,1790,1855,2031,2267,1881,2391,2304,2149,2272,2352,2090,2530,3072,4117,6473,8931
1056,1186,1144,982,1008,979,1055,1293,1048,1258,1190,1183,1188,1268,1145,1353,1631,2101,3457,4836
497,532,512,445,428,455,520,568,441,597,555,542,605,596,492,590,754,990,1651,2360
215,252,245,203,234,200,244,262,196,274,250,253,278,261,226,306,378,492,744,1104
357,395,350,325,322,342,343,419,333,431,388,407,427,425,372,419,552,697,1185,1659
238,314,270,223,261,251,298,300,255,318,305,254,266,286,257,318,398,524,820,1129
176,222,173,154,160,178,181,218,177,247,186,212,228,220,198,236,309,413,661,879
289,291,282,245,271,270,282,299,238,342,285,298,271,305,254,368,442,585,914,1297
587,656,618,449,543,585,593,618,545,710,621,579,661,633,613,719,918,1220,1857,2708
30,39,49,35,27,38,31,38,24,62,36,31,36,39,32,42,39,81,108,158
77,71,72,65,67,71,60,73,61,89,93,69,85,99,74,96,111,155,247,337
420,466,455,370,414,348,404,462,408,511,425,467,465,473,460,556,699,854,1361,1958
695,742,759,599,699,595,678,736,686,846,761,777,749,778,737,928,1139,1453,2358,3342
1394,1554,1397,1186,1277,1243,1341,1592,1366,1616,1466,1494,1562,1638,1482,1771,2238,2838,4527,6420
1355,1507,1405,1183,1278,1268,1387,1548,1303,1615,1454,1497,1521,1605,1457,1665,2196,2767,4456,6296
316,358,329,262,279,276,328,330,292,350,326,317,319,343,332,361,477,655,939,1410
178,158,195,136,165,151,143,214,162,213,186,192,183,164,159,196,259,389,599,786
160,194,179,136,145,139,153,169,138,201,186,157,189,191,156,181,241,319,523,757
994,1131,1125,930,1000,983,1066,1175,931,1275,1182,1151,1208,1166,1114,1351,1643,2096,3295,4512
328,340,340,268,273,276,303,342,276,378,309,334,347,325,339,450,481,624,988,1405
1776,1827,1940,1514,1648,1608,1716,2008,1670,2147,1920,1884,1899,2042,1796,2232,2749,3630,5722,7807
237,263,250,169,209,203,223,245,218,280,265,260,236,276,255,297,372,480,762,985
453,447,472,361,396,410,453,458,409,503,485,451,468,507,455,567,733,921,1436,1978
63,50,69,56,40,57,42,66,57,63,68,61,60,75,57,70,89,123,152,242
76,78,87,54,64,67,81,75,61,78,109,75,84,73,60,102,123,167,240,355
82,98,73,65,88,82,72,87,68,102,89,94,96,110,94,109,114,211,263,379
99,97,115,93,102,85,96,108,87,130,118,105,111,104,123,124,140,217,283,430
41,39,25,32,34,27,30,39,24,43,29,27,34,44,36,41,55,77,81,119
21,12,21,9,23,13,21,16,21,25,17,15,22,25,16,19,29,34,55,55
563,616,599,485,512,495,525,626,547,731,586,625,620,657,535,680,824,1276,1765,2374
44,65,53,51,54,55,48,60,53,76,69,64,64,65,63,83,93,140,182,290
1247,1323,1367,1074,1097,1032,1187,1410,1133,1460,1323,1317,1316,1353,1306,1662,1946,2501,4133,5613
218,194,214,163,183,162,189,215,186,200,213,203,209,239,190,262,287,381,660,930
27,20,31,14,14,22,17,29,20,26,18,17,23,29,20,31,41,55,53,77
208,238,224,185,225,200,233,253,213,280,273,231,251,259,250,266,361,447,726,1042
267,286,321,213,257,256,269,282,253,336,317,287,283,321,288,338,404,572,915,1343
151,183,182,123,158,160,169,199,141,179,198,203,188,213,165,217,284,361,590,780
209,228,231,194,191,158,235,219,206,245,238,236,216,244,228,292,328,424,693,938
47,69,68,71,64,55,64,72,67,83,75,79,74,59,68,77,100,163,210,294
991,1076,1006,861,935,906,982,1140,973,1123,1059,1085,1109,1175,1071,1236,1567,1972,3169,4562
687,716,691,606,673,676,677,706,576,690,737,664,696,659,663,708,766,970,1282,1602
64,52,64,42,56,61,70,61,59,84,74,67,65,67,58,92,97,126,165,258
259,254,266,202,228,223,261,290,225,280,284,262,283,230,244,301,357,496,734,947
92,98,105,82,82,86,106,95,79,110,111,88,102,110,98,116,141,194,304,387
101,106,122,92,103,110,108,122,108,146,126,126,144,123,138,146,203,255,416,537
71,70,64,48,69,35,65,72,71,93,84,72,89,74,75,101,105,156,237,295
11,16,17,12,12,15,13,15,16,18,11,14,15,19,12,10,18,32,25,42
41,54,48,42,39,35,46,43,40,42,53,47,47,60,47,65,69,107,132,187
75,61,57,42,48,44,49,58,51,60,66,58,66,73,62,66,85,126,150,213
51,40,32,40,38,35,28,33,38,45,41,42,42,51,42,44,75,77,113,138
38,28,38,33,25,30,34,42,32,34,29,35,28,42,29,37,41,75,88,125
114,135,142,109,116,118,145,130,118,127,121,134,125,157,145,135,211,263,402,522
35,20,35,29,15,23,15,24,19,40,27,26,43,30,39,25,34,51,72,80
48,45,37,35,36,32,42,42,39,36,43,35,40,44,36,58,69,88,135,181
136,151,116,121,117,119,148,148,139,168,146,157,164,159,137,184,237,273,491,620
37,33,35,23,26,32,31,31,43,36,37,24,38,37,30,55,49,82,115,169
55,50,64,36,44,40,54,64,44,68,48,52,51,65,51,49,83,119,176,219
234,273,304,216,226,213,234,252,231,278,243,250,256,255,261,292,316,457,695,927
54,53,41,46,43,65,49,63,51,58,51,47,41,60,52,50,88,120,132,177
18,16,21,21,18,12,15,15,19,16,17,20,15,20,13,18,27,32,45,54
110,119,128,95,105,94,90,120,112,138,110,127,102,112,116,130,165,256,335,422
67,48,65,39,46,43,58,61,45,59,74,50,54,70,51,79,91,130,162,199
176,172,167,133,156,168,162,187,159,205,193,179,181,201,188,215,257,388,575,796
27,25,32,19,26,22,26,27,16,30,18,18,18,30,28,23,34,53,58,86
18,16,14,17,9,26,20,12,15,28,20,15,24,24,23,22,19,36,63,71
16,22,22,14,11,10,19,25,7,17,17,18,14,23,13,12,25,42,53,64
57,40,39,32,39,44,52,45,42,50,34,34,47,53,44,47,57,89,92,129
207,252,228,186,160,170,214,233,188,244,229,219,244,243,250,277,336,481,743,1009
292,288,295,283,280,258,312,332,284,332,300,328,300,332,282,372,433,556,860,1181
29,22,27,20,27,18,24,27,22,22,16,20,37,19,27,21,35,46,67,89
39,48,44,32,34,35,37,56,28,52,41,38,43,38,40,40,64,96,106,143
900,1010,985,783,843,850,927,989,841,1125,974,955,1051,1041,939,1086,1430,1947,3078,4130
196,217,194,167,188,201,223,231,189,244,217,219,227,251,218,236,360,460,752,964
786,867,834,686,704,721,742,873,763,966,876,800,905,916,806,1002,1295,1678,2740,3734
399,438,454,344,382,370,384,440,366,472,445,391,479,435,410,527,649,835,1427,1904
156,178,195,156,176,165,181,196,143,208,186,175,210,195,180,221,293,354,610,775
81,113,88,66,66,91,99,98,84,88,73,99,104,105,69,114,131,186,295,406
407,458,466,372,427,402,452,472,411,524,509,465,475,508,467,552,653,911,1381,1958
450,450,435,334,401,409,428,512,390,498,453,443,428,484,434,507,692,920,1387,1866
82,69,89,79,66,81,99,99,83,102,89,77,99,93,72,91,129,185,289,411
78,94,80,71,86,63,77,90,91,117,102,109,91,101,89,107,135,202,312,434
122,116,109,105,100,110,120,128,102,122,100,127,100,115,102,118,154,200,354,444
36,51,46,26,27,42,34,43,43,54,39,48,49,50,35,45,70,91,164,186
104,129,116,78,104,115,91,110,94,132,128,112,130,127,92,118,193,231,410,512
159,161,153,139,133,130,176,168,153,184,202,145,164,163,171,202,226,302,484,631
478,547,523,379,454,424,483,523,414,570,484,459,522,537,476,564,752,982,1536,2136
1625,1631,1759,1400,1393,1468,1583,1799,1568,1927,1704,1737,1787,1886,1660,2012,2678,3466,5220,7105
310,336,348,239,258,291,296,346,284,323,315,291,335,330,304,339,476,619,925,1367
361,410,372,311,345,333,390,409,375,512,425,396,416,422,371,474,614,830,1284,1772
374,419,382,317,352,358,383,414,398,464,429,413,417,446,386,454,646,815,1198,1720
68,88,70,50,68,66,71,64,66,84,88,89,79,94,72,63,99,163,221,275
89,84,84,53,72,85,89,92,71,98,100,82,85,101,94,112,128,201,254,344
891,959,967,759,782,787,882,953,825,1091,997,1017,1002,1014,906,1127,1504,1917,2917,4112
653,704,674,565,568,583,738,716,662,791,706,712,727,757,666,830,1049,1545,2194,2950
59,70,64,58,56,79,53,69,59,72,62,64,80,73,69,87,106,152,226,273
96,102,105,80,75,105,80,119,98,118,90,107,124,113,97,128,171,237,337,413
95,126,127,97,93,97,112,143,112,140,111,116,109,120,122,128,187,238,308,477
118,156,132,106,105,96,122,128,122,176,132,124,126,119,133,165,192,293,417,568
1107,1184,1144,967,1005,994,1030,1152,1072,1268,1244,1188,1217,1232,1146,1408,1716,2230,3573,4851
400,486,452,335,351,372,362,450,370,449,453,428,430,484,434,503,645,841,1332,1830
368,419,382,333,350,345,384,420,365,437,427,414,414,406,401,442,569,770,1139,1565
889,998,1021,827,886,886,916,1077,816,1025,1041,1012,982,1036,962,1167,1375,1664,2508,3428
59,71,63,55,59,70,59,75,65,77,71,68,72,78,60,68,111,153,225,328
254,301,279,240,238,226,260,279,236,297,303,283,276,268,281,331,376,455,818,1081
295,358,340,248,267,270,304,351,311,376,328,338,310,341,295,384,495,668,977,1392
650,693,665,572,591,582,618,722,632,755,756,730,714,763,683,836,1000,1359,2089,2858
260,282,256,199,257,259,254,279,250,292,295,281,313,319,269,324,459,598,885,1280
519,580,530,445,494,501,448,601,544,594,596,596,570,583,549,689,818,1002,1690,2264
176,182,189,145,149,149,158,157,163,194,192,165,220,169,185,212,283,353,584,840
56,47,68,34,40,39,51,60,48,53,52,67,60,63,55,73,105,119,193,242
53,53,59,38,49,47,43,63,51,68,69,78,62,60,67,80,92,128,195,272
405,400,445,317,366,336,370,436,373,484,446,459,434,427,396,526,600,842,1346,1821
71,89,93,52,51,74,92,79,75,99,63,65,83,89,67,95,111,155,241,345
60,53,78,48,52,56,71,60,52,77,67,51,74,61,66,67,82,147,202,282
53,40,47,43,36,42,52,47,60,58,52,39,59,52,45,59,84,132,138,214
1076,1130,1146,879,1018,1000,999,1263,1100,1329,1172,1104,1117,1253,1130,1341,1679,2287,3482,4844
629,656,684,541,599,562,640,670,590,789,718,685,668,713,651,766,944,1310,2067,2790
208,247,242,174,218,204,215,213,216,256,245,220,220,216,199,299,348,454,714,990
378,419,405,342,370,354,362,418,349,452,394,410,439,420,366,463,618,839,1368,1830
216,236,237,175,197,208,231,245,201,264,246,233,261,261,227,276,329,452,744,1089
215,244,202,170,224,199,227,254,198,285,231,231,232,227,222,258,318,438,675,956
123,139,147,118,137,109,132,120,115,165,121,134,114,148,135,155,223,281,441,655
117,122,130,95,114,91,121,105,117,130,125,123,99,134,126,167,214,248,409,545
200,261,214,175,203,207,222,226,202,256,282,220,233,234,229,281,344,449,790,1007
104,100,97,80,94,82,104,101,85,123,135,89,110,96,107,105,148,187,332,426
104,108,88,92,95,97,96,131,93,124,115,111,124,113,106,123,147,182,266,388
112,115,85,93,104,96,93,131,96,117,123,97,121,111,119,123,148,175,281,394
24,40,28,18,24,25,18,35,24,25,29,34,42,31,32,31,44,53,95,106
764,722,756,570,668,658,754,783,689,868,786,757,804,783,738,838,1097,1518,2231,2938
95,97,91,76,76,73,74,90,75,118,78,78,96,92,94,92,130,199,227,298
58,53,54,38,52,45,48,53,40,70,50,70,76,55,37,56,76,96,117,190
93,103,98,81,96,81,103,117,82,111,97,107,120,104,89,107,156,189,283,410
178,191,181,147,172,178,191,182,178,226,178,221,237,190,162,214,301,427,588,792
61,63,60,43,57,52,66,81,53,77,77,65,61,65,55,78,78,156,171,273
119,130,145,101,123,129,156,160,142,174,151,137,156,142,142,189,202,314,480,633
2260,2356,2403,1901,2082,2078,2272,2499,2181,2739,2443,2402,2489,2501,2324,2804,3579,4968,7278,10189
532,546,525,437,501,493,556,552,523,675,573,577,565,619,497,661,883,1124,1726,2415
166,172,159,154,155,144,152,171,161,204,183,171,180,186,162,196,259,380,528,741
286,310,306,266,286,271,271,319,271,341,349,314,313,337,298,365,427,625,911,1345
991,1012,983,870,937,928,955,1040,851,999,1097,1002,963,965,990,1054,1163,1642,2205,2860
2469,2742,2637,2061,2320,2295,2513,2725,2379,3038,2743,2644,2709,2907,2550,3160,4059,5449,8479,11701
276,305,314,233,233,266,287,284,275,345,291,316,283,320,292,353,455,564,998,1339
245,274,256,216,225,230,262,279,237,330,261,260,273,272,272,327,449,554,893,1226
279,281,260,223,243,248,265,299,275,325,302,292,288,307,288,360,447,593,992,1341
143,135,145,116,138,141,153,157,120,168,142,139,159,170,138,179,238,323,509,705
274,262,295,226,238,248,281,293,260,339,260,269,277,284,280,349,452,609,1002,1293
290,344,308,226,271,249,318,327,286,341,313,318,299,350,292,394,449,602,1015,1335
150,179,178,132,166,141,162,205,151,203,178,172,179,205,187,199,252,365,502,781
600,719,680,506,559,547,631,692,594,808,703,649,716,734,646,833,1035,1383,2151,2952
55,61,62,44,61,55,54,64,71,73,75,72,65,68,68,74,98,144,217,290
46,54,32,44,37,41,47,46,44,46,43,50,34,42,44,57,80,93,130,173
368,390,366,296,325,331,354,378,312,443,370,364,408,410,376,486,596,786,1283,1775
458,525,478,424,450,425,459,510,429,579,525,501,477,521,466,532,705,869,1413,1946
223,243,248,188,215,199,234,255,196,260,276,215,280,258,243,294,340,513,710,996
138,148,151,108,106,126,132,142,145,155,144,158,165,168,139,175,236,327,445,580
257,320,286,233,287,236,306,316,269,339,332,316,308,312,286,382,405,625,934,1313
803,856,843,737,800,800,795,839,699,804,869,846,844,799,804,889,1002,1291,1753,2234
725,766,734,645,717,694,704,756,620,722,792,731,750,686,734,759,822,1083,1454,1824
82,83,93,70,79,87,99,94,86,109,98,79,100,105,93,113,138,218,321,369
71,92,79,73,59,65,69,73,51,80,62,71,85,91,82,93,106,169,242,302
144,190,162,138,172,150,144,166,159,201,192,169,211,194,182,202,267,371,552,801
396,452,474,366,401,382,408,469,426,498,456,445,444,473,428,525,633,884,1311,1820
213,211,215,202,229,198,226,236,211,257,236,246,262,258,228,265,345,531,747,1018
413,522,448,401,417,390,438,511,475,562,510,465,515,520,486,574,741,1035,1474,2108
555,638,605,478,530,520,548,599,582,690,649,648,637,687,606,708,937,1232,1960,2656
68,64,54,35,43,53,65,64,61,74,73,59,56,68,61,72,98,125,212,242
15,10,11,15,15,13,19,14,20,20,18,14,18,20,17,16,19,31,33,37
29,20,26,20,29,24,26,33,38,37,41,36,32,28,35,28,47,74,95,131
774,771,760,625,669,659,732,836,674,883,778,744,774,825,747,852,1130,1610,2353,3250
99,96,127,86,89,87,109,110,87,138,101,108,110,120,93,122,169,206,318,435
909,1020,958,789,820,835,900,1016,886,1092,1001,980,1022,1049,973,1103,1463,1925,2942,4021
165,153,122,145,135,155,146,185,129,177,177,167,190,170,169,167,235,298,426,600
100,100,65,65,95,83,79,114,91,124,83,109,94,111,100,99,133,196,271,371
227,229,234,191,219,195,232,226,189,250,248,238,260,261,200,284,345,476,660,911
207,225,213,182,190,181,185,206,182,244,200,215,205,236,192,269,336,420,679,932
84,81,72,80,65,62,83,103,70,89,96,86,71,92,73,74,116,171,229,338
118,144,145,85,114,103,128,156,116,134,141,125,118,132,138,151,177,261,368,550
73,49,66,56,61,65,77,72,53,77,66,71,52,64,62,72,95,158,215,297
505,488,524,430,461,435,472,515,419,583,516,516,508,556,458,558,754,1055,1483,2055
228,252,242,219,223,226,241,266,228,262,252,221,240,262,232,284,344,468,699,1027
606,680,690,510,591,539,574,694,616,757,709,614,680,733,656,768,931,1342,1971,2655
78,90,91,68,63,81,84,99,83,108,109,72,100,91,81,99,126,190,264,400
187,165,180,149,150,173,160,169,178,212,223,195,211,200,185,222,289,401,575,812
430,456,517,356,406,409,432,453,419,565,457,454,469,517,448,530,730,935,1464,2099
39,37,43,29,31,39,48,44,44,66,38,46,44,46,40,60,65,82,141,181
92,101,96,86,99,85,102,112,101,118,115,118,111,122,96,117,151,204,343,441
84,71,64,64,70,60,65,91,66,82,79,81,69,96,60,79,132,158,230,306
489,514,532,411,434,455,492,568,432,621,527,491,504,607,521,593,779,1025,1628,2276
130,143,141,101,127,131,117,128,104,160,132,123,136,150,139,167,202,294,429,593
164,147,168,131,143,153,153,184,118,184,139,164,158,188,166,195,241,314,492,675
73,101,107,75,77,89,99,111,84,128,112,99,110,113,105,118,168,213,313,441
212,233,202,155,194,167,207,239,223,287,207,198,218,252,218,248,324,460,639,969
87,83,98,73,88,90,89,106,101,126,102,110,110,107,94,108,148,209,316,453
634,688,772,531,602,620,694,773,629,831,752,742,734,722,665,828,1017,1362,2185,2958
160,177,179,126,152,168,174,180,156,207,202,174,186,196,165,216,257,333,536,785
210,227,241,183,199,210,214,249,206,252,225,237,253,245,231,292,344,479,757,1018
81,83,86,73,95,74,67,72,78,97,92,70,76,75,85,112,116,156,243,353
46,43,46,34,28,36,31,43,52,54,42,28,42,45,33,45,45,77,125,178
67,103,101,83,96,72,97,90,96,110,108,96,98,99,105,106,128,187,253,377
149,177,149,103,149,118,142,152,142,179,158,145,161,167,144,199,220,311,481,724
642,645,620,513,584,537,637,688,561,734,712,628,674,663,629,763,906,1187,1897,2587
157,193,184,166,188,149,176,197,166,225,175,205,179,192,176,196,274,434,525,698
43,54,57,45,32,40,53,50,55,61,45,55,48,43,42,47,78,96,134,187
218,239,228,177,201,163,221,230,232,272,234,243,224,229,218,249,327,475,660,911
50,69,47,58,40,53,55,54,47,52,51,47,52,45,52,51,63,108,113,150
334,367,364,290,333,315,335,391,332,382,379,339,365,375,375,432,496,671,998,1448
329,357,347,269,330,288,310,355,301,347,331,300,332,349,329,370,430,630,964,1243
150,166,159,115,118,145,158,170,141,185,150,144,160,159,137,203,214,357,491,710
88,102,122,75,86,68,82,95,103,103,103,80,110,112,96,128,140,204,299,437
373,407,442,275,322,364,382,456,367,430,417,394,388,423,411,507,575,769,1196,1575
266,291,251,194,240,216,247,277,240,283,281,245,255,267,251,311,372,481,762,1064
54,80,64,45,57,45,45,56,62,70,56,61,57,55,58,60,87,118,172,254
115,119,116,89,94,105,89,112,108,139,106,111,116,123,111,140,183,242,393,528
130,132,112,87,110,92,96,125,100,141,109,110,124,132,124,115,183,232,346,487
50,44,50,36,39,44,44,44,50,62,52,50,47,56,61,54,87,144,192,239
62,73,61,52,57,54,57,75,47,77,60,58,71,70,54,66,87,135,183,294
72,73,87,53,62,65,81,81,76,84,63,65,90,81,76,84,109,127,240,345
254,287,287,229,246,242,284,278,267,305,306,274,271,301,293,328,427,574,810,1201
709,660,723,628,655,638,635,725,620,865,754,726,773,760,731,808,1039,1452,2159,2849
20,11,21,14,15,15,16,23,15,21,20,22,20,15,14,14,25,30,49,63
82,76,97,77,48,61,73,66,96,103,97,75,83,102,82,84,106,159,274,354
202,217,170,161,188,183,192,215,189,227,214,192,205,209,215,223,274,400,554,753
173,182,186,131,165,158,185,182,170,216,176,197,165,190,178,225,261,398,544,791
73,79,68,52,55,57,61,65,64,57,68,58,76,67,60,82,123,117,206,265
60,55,79,53,65,51,35,70,61,74,66,59,69,63,60,67,93,155,190,297
1260,1333,1389,1064,1156,1200,1262,1365,1176,1543,1403,1390,1426,1430,1325,1608,1987,2707,4143,5830
1752,1874,1759,1428,1580,1592,1713,1895,1642,2087,1897,1814,1834,1956,1798,2120,2697,3685,5505,7595
1667,1780,1805,1388,1544,1495,1680,1830,1537,1982,1863,1718,1788,1816,1717,1963,2436,3366,5166,6960
381,405,410,338,386,360,364,406,393,459,443,452,454,415,427,480,598,822,1265,1716
76,97,100,64,68,73,80,97,90,113,93,68,91,85,98,112,110,171,259,384
105,101,112,82,102,113,111,111,107,130,91,99,124,138,112,123,185,229,329,464
203,244,218,181,204,173,216,244,187,231,259,227,218,238,191,246,297,367,647,834
433,417,427,331,424,406,405,490,380,523,496,455,471,485,442,500,661,914,1404,2001
76,90,85,77,86,86,95,88,86,102,90,92,95,94,89,115,154,188,287,449
816,836,775,662,742,711,762,874,724,927,853,784,863,839,821,956,1231,1607,2485,3668
198,240,210,166,208,185,207,244,186,223,238,210,233,228,216,285,317,453,663,910
513,588,549,488,473,488,499,604,513,651,593,580,600,637,543,641,840,1076,1774,2406
103,96,114,96,94,86,98,105,114,147,109,114,117,134,122,133,178,259,354,429
227,248,245,198,218,191,227,232,216,292,227,235,247,260,230,293,380,513,789,1027
130,128,150,94,128,143,117,145,117,168,134,134,140,137,121,149,237,265,429,648
195,204,238,164,198,204,192,204,189,256,231,207,211,216,252,240,338,472,728,1062
112,137,142,95,122,132,120,141,114,145,125,136,135,137,137,155,190,235,415,604
47,65,53,40,44,39,35,47,47,66,70,50,44,48,68,76,97,133,182,245
26,20,36,23,18,16,34,24,22,38,33,21,24,22,30,25,44,48,66,99
70,66,79,64,67,65,85,60,55,93,70,55,80,67,58,80,110,157,219,315
7,4,8,2,3,6,13,8,4,11,9,5,7,5,8,7,8,21,16,24
300,302,335,214,275,300,269,351,274,343,345,308,324,317,301,386,434,598,902,1229
106,104,109,83,109,99,132,114,104,127,101,104,136,133,110,132,147,200,301,461
199,220,254,150,189,195,217,239,191,242,237,216,223,213,224,267,282,433,655,870
348,401,372,304,339,324,347,443,345,447,420,405,392,418,375,453,533,680,1107,1454
240,272,230,207,234,223,248,305,225,269,257,234,246,275,244,293,371,430,674,954
154,125,134,114,120,131,116,166,135,181,159,132,150,169,149,148,219,305,490,642
54,64,61,46,52,53,59,71,53,74,63,49,64,72,64,71,86,135,207,256
50,28,39,33,55,41,38,44,47,60,45,44,45,49,51,47,68,93,123,166
185,219,215,166,182,193,215,227,190,238,235,207,217,217,227,258,342,449,638,937
250,266,281,202,219,241,238,271,220,281,266,258,246,295,256,283,361,554,764,1018
414,441,429,329,391,376,395,449,367,471,482,459,433,431,385,519,630,838,1322,1833
111,104,127,95,117,106,109,110,97,129,134,116,131,143,102,131,190,260,352,512
188,214,203,159,170,172,180,211,186,250,211,209,171,252,212,236,320,415,637,971
276,288,285,237,248,223,266,305,252,323,291,278,271,316,281,337,423,575,820,1222
98,133,103,96,83,107,101,116,98,143,111,111,114,137,99,128,153,205,348,533
277,337,335,264,280,278,316,386,284,361,353,332,335,335,314,385,471,622,958,1312
133,133,124,93,111,100,114,138,128,153,123,114,127,138,123,150,168,253,424,544
171,176,175,133,154,139,159,178,153,187,184,148,168,172,166,210,263,358,510,705
252,279,251,200,220,227,221,277,237,300,269,256,314,309,280,310,409,569,798,1122
166,148,150,131,114,138,148,159,124,161,167,142,148,163,149,163,245,334,469,631
27,37,33,27,22,25,30,40,30,31,32,38,26,47,36,43,49,84,111,127
51,57,62,47,41,38,51,57,45,60,50,54,47,60,62,56,68,83,146,215
87,81,74,58,67,62,72,81,76,83,94,65,92,90,74,101,120,171,235,303
116,93,124,81,103,113,98,137,91,123,125,115,133,123,119,133,159,253,351,514
242,245,276,170,224,225,231,292,221,316,242,239,270,278,266,292,373,497,780,1025
221,202,220,150,166,207,217,196,180,237,219,213,220,214,195,236,272,424,612,856
66,67,72,53,85,65,65,85,56,88,78,75,92,75,61,85,99,155,212,291
43,36,39,31,36,27,34,37,41,45,34,52,29,44,41,52,60,99,118,135
182,201,192,141,184,154,167,177,167,226,193,197,196,190,201,215,300,382,564,824
202,215,193,170,187,198,201,223,185,241,219,223,204,231,205,229,298,360,630,849
878,1009,876,790,849,793,841,982,839,1049,1060,931,993,1009,960,1162,1398,1763,2943,3948
489,563,543,452,483,486,532,583,466,612,595,520,528,545,554,615,784,1052,1570,2213
686,766,735,584,652,634,707,804,715,834,828,772,800,841,726,864,1072,1606,2341,3171
232,242,247,215,225,192,201,236,188,268,244,242,263,241,220,337,355,468,741,1025
148,139,145,123,159,112,115,145,109,167,149,157,150,153,121,197,200,307,492,639
181,200,232,155,176,195,188,231,183,196,206,208,239,234,219,275,303,441,650,852
129,123,143,118,120,134,138,135,114,182,121,143,140,140,125,160,199,263,390,631
90,99,113,84,90,96,112,117,88,134,113,107,121,108,110,128,169,243,344,499
75,93,79,69,76,69,81,80,65,94,83,85,80,80,91,100,130,167,254,361
122,130,109,103,118,120,152,194,130,163,145,137,143,159,139,168,189,304,406,599
48,52,57,44,44,48,57,50,58,53,56,65,58,61,57,67,74,118,157,267
80,76,91,72,66,94,91,113,88,106,99,100,104,106,91,124,136,201,274,412
1477,1638,1546,1253,1413,1372,1487,1680,1432,1742,1650,1525,1611,1733,1535,1863,2378,3125,4688,6509
756,855,783,673,763,723,822,889,742,916,874,826,874,876,814,989,1185,1495,2410,3292
173,185,195,155,159,154,197,214,186,183,210,195,181,172,183,212,253,390,577,769
54,42,51,37,52,59,53,55,48,73,50,54,70,64,64,69,76,119,185,223
185,200,184,160,174,163,178,208,182,229,218,184,201,201,183,217,279,388,627,790
73,57,66,52,50,58,56,60,52,66,59,40,61,64,49,55,121,117,166,242
207,229,189,182,213,188,222,232,198,237,269,211,215,228,213,251,281,383,619,828
131,163,183,106,135,129,149,170,127,166,144,149,145,154,145,172,253,316,454,691
62,60,46,43,45,47,46,67,53,57,51,45,48,61,62,58,81,116,167,250
68,77,69,54,72,69,83,78,76,85,60,69,80,85,73,68,134,144,234,294
156,175,151,139,126,140,173,155,142,175,180,140,172,168,150,180,233,288,471,652
26,23,17,20,20,20,22,17,15,19,30,24,22,25,22,26,40,65,61,82
102,110,98,112,86,82,123,113,99,121,116,99,91,98,95,116,137,230,345,455
28,36,41,31,25,33,32,36,23,45,35,43,33,36,39,38,56,69,99,149
66,78,72,68,70,68,85,86,79,83,70,80,84,87,82,88,104,190,228,351
74,85,100,59,68,61,79,86,85,91,69,86,81,84,74,91,144,200,237,363
232,298,214,208,215,228,244,285,213,286,271,249,245,251,247,289,341,462,664,871
268,299,240,234,269,258,272,316,241,289,341,291,267,303,273,311,392,481,710,1081
346,396,422,282,339,336,371,438,325,448,377,394,399,415,374,507,591,730,1200,1629
167,166,186,133,136,153,174,191,172,214,204,192,187,179,188,185,245,365,583,818
75,103,93,66,74,85,85,103,73,109,98,104,98,99,96,116,144,181,319,474
45,46,66,57,55,52,66,66,62,69,61,62,55,59,62,73,86,117,166,263
70,64,63,48,50,55,62,75,51,67,60,61,62,61,66,68,92,103,181,257
113,121,128,98,109,138,108,123,116,139,116,118,130,138,124,161,186,249,407,585
100,136,128,84,117,108,110,120,115,123,131,126,117,157,133,146,169,242,312,472
203,243,222,196,214,207,208,257,225,291,266,216,269,271,213,298,392,516,805,1027
160,175,179,163,131,143,165,183,163,188,181,178,163,195,168,231,237,322,516,739
112,129,138,125,129,130,125,163,103,156,154,153,138,163,147,198,231,287,489,675
874,955,962,761,814,804,941,995,834,1085,941,955,1043,1029,889,1077,1469,1992,3022,4170
59,44,62,38,55,42,52,47,51,66,48,53,68,59,50,60,99,108,176,226
30,29,25,29,27,28,29,32,27,37,38,28,23,39,30,35,52,78,94,114
32,25,35,19,26,32,34,31,28,46,37,35,37,33,33,29,34,67,111,137
24,18,22,13,15,16,17,16,25,19,23,17,26,21,9,27,23,32,42,58
84,98,110,78,96,87,92,113,104,107,100,94,103,114,88,127,141,195,325,424
177,180,181,164,162,155,171,193,186,219,198,231,190,186,202,212,272,377,581,763
2478,2672,2639,2133,2258,2221,2379,2714,2343,2876,2784,2751,2664,2810,2607,3123,3753,5039,7997,10999
73,76,88,81,90,71,65,84,80,83,85,79,83,78,77,89,104,153,237,315
1183,1200,1201,1023,1132,1067,1208,1255,1056,1262,1266,1204,1204,1200,1139,1319,1512,2003,2841,3602
536,584,545,490,479,524,493,615,499,624,559,554,585,624,537,622,813,1031,1784,2401
47,43,50,35,36,35,50,60,50,56,41,47,44,48,49,52,71,94,128,200
43,43,38,42,25,33,47,40,44,38,35,31,28,37,35,43,56,83,138,184
430,476,439,378,407,432,436,489,432,496,485,470,500,518,469,548,665,881,1298,1820
734,732,729,638,719,711,701,733,618,731,794,718,751,709,711,739,842,1093,1430,1798
464,469,494,355,379,392,428,488,422,563,506,477,518,508,430,565,749,957,1466,2067
90,123,114,105,99,80,119,125,116,136,123,115,128,150,137,137,212,210,365,564
356,389,375,334,343,340,352,413,382,453,415,430,427,423,394,482,601,810,1246,1680
66,66,49,56,55,48,62,70,55,69,52,56,74,74,73,54,77,162,156,242
230,254,276,195,220,239,235,251,229,277,234,275,264,295,254,275,396,521,767,1088
116,91,102,103,86,79,104,109,110,112,125,111,104,112,89,115,137,246,314,429
33,23,29,24,26,25,23,23,29,37,29,23,38,35,26,27,37,73,76,105
167,179,157,140,157,127,151,163,148,185,184,153,149,148,163,193,211,286,451,593
457,517,502,410,423,432,439,531,426,527,507,491,537,534,477,563,699,1006,1489,2168
72,96,80,61,67,66,65,86,76,113,60,66,83,99,79,91,130,180,217,332
188,250,207,176,216,158,217,217,173,238,220,195,230,236,214,233,310,426,665,915
2225,2377,2334,1952,2056,2010,2182,2418,1947,2508,2372,2278,2387,2367,2302,2635,3220,4167,6358,8576
300,360,323,281,300,315,326,380,298,343,357,365,388,394,361,398,495,565,1017,1300
224,252,242,203,241,211,217,254,205,311,270,243,252,269,245,294,386,471,810,1103
2008,2235,2112,1731,1993,1893,2019,2206,1834,2229,2270,2122,2144,2165,2048,2462,2947,3721,5665,7655
60,64,55,55,58,54,62,50,63,71,65,61,78,76,57,81,118,148,221,326
357,374,380,292,322,355,360,369,344,370,392,352,393,396,358,438,528,741,1084,1551
74,90,73,53,73,60,76,81,79,74,87,69,71,86,65,94,130,165,238,289
66,63,63,58,47,49,57,48,65,77,68,59,53,72,61,68,72,113,169,272
295,323,294,247,223,274,297,352,283,355,291,288,295,361,318,380,496,640,1009,1405
52,52,55,41,50,55,69,59,48,68,52,54,47,55,59,66,85,112,159,258
76,76,65,69,70,62,84,96,72,86,63,78,82,86,81,93,129,150,266,338
768,821,893,681,745,699,772,904,814,936,872,869,836,926,876,1085,1249,1610,2564,3489
421,454,514,401,429,416,446,556,471,508,514,512,498,549,515,616,680,870,1456,1921
541,595,578,474,501,495,555,675,548,688,606,562,579,648,606,707,852,1162,1795,2472
35,26,26,17,27,23,23,26,26,30,22,29,29,33,25,24,40,61,80,116
59,55,64,49,63,62,70,85,56,82,67,68,58,75,76,83,95,151,197,260
4,5,8,8,9,13,9,7,6,9,8,12,5,4,10,7,5,20,18,20
110,113,115,85,78,85,94,105,87,117,107,97,120,109,109,146,170,194,307,458
19,14,27,22,29,21,20,22,17,21,15,23,15,18,14,21,28,46,50,78
677,682,672,600,674,677,661,681,571,664,745,657,710,658,664,681,772,979,1293,1576
312,329,357,248,300,298,330,369,299,408,344,342,373,343,337,387,455,647,973,1373
1674,1767,1710,1387,1648,1629,1635,1782,1443,1906,1868,1716,1778,1780,1646,1901,2241,3036,4399,5872
23,26,36,13,24,28,26,41,26,35,39,31,24,39,38,38,48,71,87,108
183,234,225,162,179,190,188,237,190,236,219,227,218,244,214,278,297,444,671,933
39,56,37,24,32,40,36,39,43,45,31,48,33,53,37,41,55,86,100,159
26,21,27,16,31,22,29,33,28,30,30,21,23,28,38,33,47,59,76,113
319,357,369,280,312,321,334,394,324,463,347,342,364,386,350,423,555,755,1124,1526
38,23,26,17,25,30,26,30,22,39,35,33,36,24,31,29,37,61,76,112
98,129,91,74,101,87,115,114,94,123,120,118,89,103,104,100,159,194,308,439
233,265,251,218,210,205,264,233,197,290,263,242,274,281,241,272,380,515,824,1133
46,47,48,41,38,45,51,63,42,68,58,49,56,56,52,62,85,94,177,214
515,570,543,477,473,482,518,530,512,617,576,539,610,609,558,627,848,1134,1796,2502
45,67,70,54,62,61,65,61,48,80,63,71,68,66,58,90,103,138,198,286
63,73,88,60,61,68,75,70,74,71,79,78,86,80,73,94,113,149,230,319
819,841,840,723,800,781,791,823,701,798,866,800,836,764,809,833,968,1220,1720,2128
140,151,121,132,146,152,125,163,110,169,150,148,163,143,127,194,224,267,435,576
136,122,141,106,110,131,127,134,128,154,122,123,129,141,130,157,206,277,433,583
282,316,278,266,312,296,291,367,273,343,312,320,310,330,314,392,459,554,938,1241
199,192,202,188,227,189,193,263,191,296,227,231,260,242,232,263,356,431,743,967
72,92,86,64,70,62,88,98,72,109,75,95,103,93,86,87,111,151,282,366
77,92,105,82,74,85,87,91,86,105,97,92,93,93,90,105,139,218,278,398
234,258,274,221,245,218,236,298,238,297,292,286,257,269,248,324,397,513,807,1157
63,65,61,51,73,39,57,55,46,60,55,45,50,80,52,55,82,144,159,278
41,40,51,42,46,41,39,55,38,57,49,51,51,54,41,56,52,92,130,161
41,46,49,37,48,50,48,54,43,56,46,46,47,56,45,61,74,108,149,206
65,82,61,59,62,50,63,75,80,82,74,66,71,78,49,87,99,173,206,291
136,128,133,121,123,122,125,150,147,168,144,137,146,143,140,150,209,269,423,590
122,123,160,122,112,142,116,135,104,155,145,159,145,139,139,131,190,263,400,562
214,241,224,193,193,184,221,263,179,252,245,223,205,225,229,265,300,397,652,865
100,119,112,89,105,82,101,120,96,120,98,120,125,118,105,131,184,221,343,487
117,126,127,93,93,100,107,108,109,141,113,112,132,138,102,138,196,242,380,555
365,378,381,312,367,360,395,422,370,485,383,383,378,433,367,465,572,841,1256,1724
83,67,69,51,74,63,64,71,68,95,60,75,83,93,72,90,128,161,216,327
177,195,194,146,163,176,190,215,171,234,210,188,194,235,187,219,348,377,624,859
73,114,77,85,84,77,115,102,92,106,97,103,98,108,95,130,154,191,294,382
137,148,137,119,100,118,130,138,110,155,132,131,143,141,149,156,219,249,448,584
116,115,119,105,91,116,117,115,97,136,88,113,103,130,110,136,165,206,368,487
35,24,43,31,34,35,40,33,34,41,34,34,42,40,24,50,63,64,86,148
214,240,183,161,212,201,214,228,184,234,238,215,213,222,201,253,292,369,590,801
68,71,65,48,57,59,65,61,65,73,66,66,71,73,61,76,96,143,226,267
1098,1117,1139,906,1012,970,1072,1185,1009,1308,1157,1139,1231,1267,1103,1352,1724,2371,3486,4725
175,163,173,132,154,175,169,161,156,218,184,168,188,182,161,211,255,377,575,772
75,88,102,62,79,87,86,101,86,107,86,97,83,87,89,125,143,198,271,429
483,537,524,404,442,412,476,533,475,585,560,490,534,563,496,633,733,1058,1538,2211
101,102,105,76,95,99,97,116,92,130,95,119,88,118,106,122,155,233,302,450
69,78,83,71,70,71,85,100,77,89,86,77,103,100,87,87,127,169,240,345
298,326,326,280,301,306,317,344,310,385,318,314,332,373,331,378,507,650,1022,1316
247,268,308,196,233,235,260,280,233,308,257,278,298,281,265,318,413,517,817,1078
420,451,396,343,383,359,408,460,375,487,461,455,463,473,420,455,610,887,1227,1651
74,66,57,56,51,51,67,58,63,72,58,64,60,64,47,64,95,138,203,251
30,30,24,24,23,26,30,24,30,33,29,25,37,40,26,30,31,63,87,120
130,110,138,107,125,105,130,135,123,157,117,128,123,150,141,135,178,268,391,526
71,94,94,61,79,78,77,97,68,94,80,83,107,102,91,116,129,194,267,407
153,152,124,117,125,121,121,141,140,168,138,136,134,149,143,177,236,303,436,596
55,62,70,54,52,61,64,74,62,76,65,60,49,55,64,59,86,131,206,260
53,54,57,43,44,48,40,58,48,63,47,51,59,65,44,60,75,118,169,226
354,414,386,283,367,364,357,408,357,473,384,404,398,444,374,439,568,734,1165,1703
608,653,644,534,563,557,615,719,583,702,685,628,674,673,636,740,914,1206,1788,2563
84,98,91,75,79,72,87,94,74,124,103,94,90,79,97,105,151,194,280,418
71,58,70,52,69,80,58,88,65,94,72,77,62,73,73,85,109,162,234,275
272,279,277,227,231,237,260,282,256,318,262,277,249,304,245,311,415,550,792,1122
75,84,69,62,48,62,57,80,57,88,73,68,65,78,76,84,119,139,217,289
240,223,239,182,209,212,223,232,214,283,241,264,268,265,236,299,369,492,766,1000
589,679,689,534,567,594,601,692,565,781,691,619,663,727,679,754,946,1399,2035,2734
204,211,199,161,189,193,198,216,184,259,214,185,203,230,204,216,310,425,664,918
280,312,309,253,234,251,300,298,238,369,288,302,306,319,291,379,485,601,925,1301
132,133,120,101,103,140,121,138,131,135,120,139,139,143,123,162,217,296,430,554
31,30,28,33,27,25,26,36,17,51,38,25,26,31,28,42,40,66,80,119
86,74,69,75,77,67,99,106,83,82,96,73,81,89,61,93,127,183,266,382
220,221,232,174,175,154,197,256,187,251,226,202,200,227,211,265,283,426,638,913
142,161,166,154,149,130,153,153,133,194,169,176,177,153,175,204,238,288,466,628
836,897,854,754,837,822,843,915,734,886,908,834,847,849,846,904,1023,1277,1776,2262
88,89,98,91,72,86,84,97,87,113,93,86,88,99,92,111,157,198,282,379
98,112,106,85,80,79,115,119,77,121,96,92,98,120,90,123,147,223,301,408
105,134,124,83,106,109,119,105,98,117,127,111,99,125,111,156,181,199,370,514
254,290,271,209,229,228,263,265,237,308,283,279,277,282,242,325,421,553,818,1180
156,191,155,135,149,149,164,194,141,176,176,167,185,153,171,210,205,304,448,634
33,35,40,24,29,37,35,46,38,51,47,29,38,38,38,42,63,81,123,154
33,50,32,25,29,23,24,39,45,32,27,23,31,35,25,36,37,79,92,112
208,246,235,159,207,199,215,236,214,250,265,249,238,265,207,266,370,484,731,1052
118,122,105,87,102,113,115,114,114,140,131,141,120,150,77,135,191,233,368,522
172,198,185,169,191,169,175,192,210,218,202,207,209,239,166,232,297,425,585,894
125,159,169,113,138,129,128,166,155,199,160,158,165,181,163,188,216,331,475,641
70,66,69,66,64,63,65,81,79,94,79,84,99,92,62,80,135,191,239,381
94,121,104,72,100,91,93,105,111,120,105,96,97,128,108,130,145,230,314,444
64,32,56,43,48,43,45,46,40,55,49,41,54,57,43,61,69,101,168,200
71,79,82,68,76,75,71,69,84,116,66,81,77,95,70,77,97,166,231,360
270,292,276,233,263,253,278,294,262,307,312,272,246,277,247,327,422,533,844,1081
151,165,162,147,144,118,131,180,149,153,157,148,152,168,155,204,220,255,410,540
150,170,151,142,140,137,165,164,129,185,146,152,167,164,150,194,242,314,474,656
56,74,65,56,60,42,83,67,67,82,68,68,69,79,72,78,105,129,193,264
44,65,57,39,58,59,53,64,55,77,54,80,57,62,58,71,83,102,185,246
83,100,99,82,89,98,83,118,84,118,118,112,118,122,118,126,137,214,319,443
102,133,114,90,78,106,104,123,83,147,95,105,115,108,95,119,176,242,334,476
37,60,47,47,35,41,51,51,53,63,49,58,49,63,55,53,76,126,166,259
139,137,171,131,127,164,129,155,114,167,155,178,156,155,154,151,219,301,444,636
190,179,201,143,169,153,194,217,190,225,209,228,188,233,205,233,291,392,602,866
98,123,113,88,109,103,133,122,106,149,116,113,120,121,109,128,202,251,432,555
113,122,100,82,115,118,102,120,112,149,115,107,120,125,130,151,191,245,402,514
423,489,480,385,457,381,466,489,430,553,469,483,518,499,494,595,758,894,1484,2113
823,896,855,711,834,786,806,880,720,851,915,848,825,818,837,920,992,1283,1776,2290
233,204,235,184,156,166,193,254,196,231,225,211,221,246,216,282,311,448,716,924
379,387,353,324,351,355,366,421,365,440,432,379,392,405,428,461,609,771,1165,1579
24,29,25,27,23,21,32,28,17,28,27,39,30,30,28,29,36,65,91,129
250,302,294,240,267,265,244,278,267,293,301,274,291,308,262,337,405,524,876,1147
74,85,100,72,88,75,79,99,72,74,92,98,95,79,85,94,124,166,256,360
191,189,190,150,146,145,176,175,159,197,194,168,204,185,165,204,283,357,573,723
386,444,429,355,386,326,400,453,376,455,429,447,472,445,398,487,648,785,1227,1706
351,424,416,341,364,318,372,402,338,442,397,407,408,405,405,488,623,810,1226,1652
161,187,165,152,148,129,182,187,150,218,169,176,189,197,178,227,265,414,568,722
182,171,180,141,172,175,173,196,164,238,186,200,186,206,189,205,259,402,620,845
250,270,278,251,234,213,236,304,239,327,289,255,279,283,240,315,403,529,793,1134
94,114,78,86,86,94,98,118,92,117,113,102,96,102,103,107,134,194,278,410
357,366,382,286,327,312,346,390,345,417,420,350,386,395,364,470,532,744,1039,1513
292,336,297,252,254,251,301,348,266,347,333,317,337,374,324,385,490,607,1010,1357
149,176,168,142,163,150,158,180,170,175,166,179,168,176,174,201,260,345,539,707
122,135,146,94,120,118,113,160,109,148,140,126,123,145,122,161,167,249,369,471
84,88,85,77,95,94,68,115,80,98,111,97,87,106,86,112,128,197,293,390
60,68,75,63,61,64,80,69,63,98,79,70,74,88,89,90,122,138,219,356
97,85,119,75,102,77,95,87,91,115,99,117,109,119,105,126,156,214,338,487
138,159,158,108,140,128,158,168,150,180,156,147,166,154,160,169,236,321,481,602
189,253,234,195,203,175,196,229,198,260,221,218,234,221,235,249,352,467,634,916
320,356,345,306,320,317,365,412,309,415,407,374,353,369,380,457,571,681,1116,1513
510,550,522,441,456,469,486,565,433,523,551,515,521,524,555,650,708,916,1463,1979
248,266,287,254,225,244,245,288,232,299,274,311,297,267,270,285,402,535,850,1219
103,122,122,106,117,113,115,140,118,154,136,117,124,128,124,168,206,271,393,526
172,190,206,144,166,168,170,170,183,191,183,190,194,183,190,198,297,368,606,803
302,339,337,275,316,288,318,329,294,376,377,345,373,359,329,410,476,661,1006,1454
75,81,101,99,76,61,83,103,91,110,109,92,84,87,81,99,127,155,287,360
53,63,57,45,55,56,64,49,56,69,80,68,72,61,60,89,75,141,194,236
362,391,433,314,366,338,398,432,373,472,412,407,399,446,372,454,562,796,1299,1762
66,76,75,63,65,72,77,75,81,75,91,61,94,78,81,92,130,156,231,333
148,189,187,141,170,148,163,163,157,193,165,161,183,183,165,206,249,316,498,696
720,788,809,611,669,707,722,839,679,835,816,771,878,815,804,953,1141,1369,2175,2961
48,45,41,32,49,44,42,42,36,49,39,49,49,45,43,47,62,117,120,202
165,191,177,140,154,176,163,188,181,219,230,171,196,217,212,229,284,388,578,884
183,204,173,146,182,152,173,192,148,190,153,192,179,184,182,228,277,365,580,820
104,86,94,67,81,72,97,116,88,102,104,106,90,93,104,121,156,186,338,452
221,235,220,162,179,193,208,232,199,256,243,251,271,224,232,269,349,435,713,934
180,211,206,168,163,176,192,192,168,223,185,177,220,208,183,208,293,347,632,799
427,426,471,366,362,347,416,451,394,489,470,447,443,457,440,495,626,880,1323,1766
212,241,210,196,219,212,195,264,188,246,243,264,260,282,227,271,360,472,788,1049
72,71,68,64,75,65,72,89,61,113,106,63,94,88,80,88,113,155,257,293
81,76,92,62,65,61,73,88,68,99,65,79,90,96,78,84,119,192,210,327
75,117,89,94,79,75,83,82,103,108,92,93,121,94,94,113,160,239,348,505
97,114,101,75,76,70,88,81,67,141,104,111,117,107,85,121,140,203,287,391
82,84,59,61,62,61,58,85,75,83,61,71,84,62,72,93,112,154,175,305
86,97,79,67,77,63,80,84,71,100,81,97,99,70,86,97,138,176,207,338
121,126,104,103,104,89,101,107,103,136,118,136,122,115,117,143,182,224,327,493
88,80,77,72,69,66,100,84,74,98,76,93,90,88,81,116,139,182,292,435
106,130,116,87,101,106,117,115,98,113,117,102,113,119,118,116,166,223,333,478
58,82,60,65,60,62,61,68,55,52,58,63,50,72,57,71,89,118,182,241
84,115,88,83,77,78,92,95,71,91,83,81,83,96,90,101,112,176,270,345
77,80,65,51,59,59,61,88,66,98,59,61,80,70,71,83,112,161,163,307
118,134,110,93,100,100,123,114,102,120,97,106,94,120,101,125,187,244,324,467
180,212,199,159,181,155,201,208,173,189,196,206,201,197,180,218,293,331,503,737
126,129,130,94,119,113,131,124,118,121,138,117,131,140,106,153,190,274,441,539
233,225,254,167,205,160,226,265,182,278,235,233,210,247,207,253,352,431,711,976
246,243,229,192,253,241,231,263,251,299,285,245,286,287,267,348,383,521,773,1088
389,423,483,352,378,422,385,462,388,507,451,423,472,458,470,504,641,882,1352,1847
166,175,195,144,160,172,182,189,161,208,204,177,186,187,192,198,257,399,556,769
202,235,205,166,160,173,169,194,166,216,215,183,214,207,176,206,274,419,587,756
354,344,334,290,369,336,365,368,334,404,393,355,375,396,354,427,551,716,1126,1466
160,148,153,142,157,156,156,173,159,186,154,168,197,196,172,211,252,391,495,789
92,86,75,68,78,66,79,77,87,107,103,92,98,85,86,99,116,168,269,359
137,154,138,124,126,125,151,165,119,183,142,136,140,175,125,177,241,324,469,734
67,78,66,52,67,70,79,64,82,88,78,69,79,75,70,91,108,148,232,368
81,101,87,65,59,63,65,92,68,94,76,70,77,107,73,80,126,161,252,338
527,602,516,457,482,476,539,574,467,578,582,538,533,548,543,646,778,986,1558,2204
185,213,228,155,174,163,198,199,158,257,205,203,224,217,194,237,328,443,573,847
44,29,38,25,39,32,24,40,32,42,43,34,36,50,47,49,50,81,97,142
241,250,243,220,242,220,226,272,239,298,245,278,275,263,267,290,370,499,746,1046
139,161,149,115,135,117,147,168,147,157,148,166,140,174,160,183,217,315,491,690
31,45,38,26,27,31,38,42,24,52,38,52,48,39,32,43,58,81,111,170
874,897,867,778,835,847,830,898,774,885,902,893,875,840,877,943,1062,1327,1897,2409
186,192,222,168,161,186,205,218,149,226,212,202,227,201,195,231,295,405,630,826
209,214,231,171,178,194,219,228,205,258,217,227,244,227,235,249,272,422,598,906
34,47,43,37,33,29,53,41,37,48,39,53,46,39,35,45,57,86,140,168
168,206,215,128,189,176,174,213,193,246,221,186,211,277,185,246,297,419,589,881
439,438,418,379,392,347,407,442,400,482,459,455,463,471,442,513,639,895,1260,1751
144,187,185,138,151,138,143,193,169,187,191,179,174,163,172,186,235,355,543,771
94,91,122,95,91,96,89,103,86,122,103,95,105,112,114,147,152,201,338,445
89,85,82,71,85,78,79,94,91,109,91,83,85,87,89,116,129,203,252,370
89,87,103,70,82,74,89,97,73,97,116,104,100,108,91,101,137,165,280,373
119,135,148,110,125,109,106,132,104,147,115,125,133,146,116,142,188,262,374,511
73,79,90,60,70,66,86,73,60,90,93,82,91,77,79,81,101,156,226,330
167,166,138,128,151,153,160,173,146,168,171,153,172,180,166,208,230,350,482,654
223,255,195,196,172,175,213,248,215,255,234,217,233,251,210,263,317,399,706,916
409,455,464,352,377,376,423,492,431,474,475,463,480,460,444,556,681,814,1300,1774
773,861,849,695,774,752,791,891,731,912,878,819,892,872,813,1028,1171,1494,2190,2981
82,82,114,56,72,79,75,100,94,95,93,86,83,101,91,101,132,184,265,375
142,136,162,114,155,126,154,152,116,166,151,150,167,145,149,164,203,310,468,633
246,295,293,207,238,252,247,295,259,293,311,299,262,314,291,332,381,550,788,1054
510,556,560,448,509,509,513,592,475,583,581,561,560,562,547,664,766,935,1334,1814
456,493,534,421,455,481,482,537,447,526,552,518,521,527,508,614,718,883,1465,1924
104,90,113,101,104,90,110,103,91,122,135,97,127,112,102,137,163,244,280,364
242,249,281,224,227,213,254,296,205,315,257,240,267,254,240,321,367,533,820,1177
206,211,204,169,183,156,194,204,176,240,229,199,225,215,212,253,344,411,651,883
137,131,132,113,133,111,121,138,121,162,155,125,148,141,124,152,208,280,412,595
91,132,98,108,102,116,134,118,119,119,112,125,127,144,126,153,174,264,386,558
125,154,125,123,136,124,136,142,128,184,163,149,164,146,158,170,208,300,459,590
57,48,64,47,54,41,44,64,47,66,57,62,69,67,62,69,94,98,167,251
66,56,71,55,47,53,54,72,55,82,59,56,56,88,55,78,97,136,211,285
177,172,194,124,174,154,177,198,163,230,189,164,168,187,170,208,294,372,591,787
130,143,129,112,135,109,135,136,111,124,144,130,116,134,130,151,179,227,341,494
34,29,45,32,37,33,31,41,34,42,36,35,37,50,37,45,59,71,118,159
206,191,182,161,159,180,177,213,182,236,217,211,205,224,214,243,281,415,620,877
82,70,91,84,81,74,93,112,84,120,113,106,92,113,117,119,142,185,299,426
157,166,143,155,159,159,156,177,141,205,187,164,191,166,191,187,233,342,555,730
130,136,158,127,108,119,122,116,125,158,159,138,122,144,130,162,208,296,405,554
944,1022,1021,824,889,869,941,1071,935,1149,1032,975,1046,1120,985,1181,1560,2178,3202,4301
50,57,55,29,41,35,66,57,50,48,52,44,58,56,50,50,76,111,144,221
666,673,654,576,652,640,654,672,563,639,711,664,646,623,636,674,715,913,1218,1529
317,377,348,310,323,322,349,360,287,420,341,357,349,391,356,421,480,612,1015,1416
277,292,306,234,289,283,286,289,262,333,295,319,308,316,271,364,453,615,959,1345
35,30,38,17,25,27,34,40,34,39,41,23,30,32,28,24,45,83,83,86
131,148,141,108,130,112,133,136,129,149,163,128,156,136,124,162,201,282,487,617
75,83,80,71,64,72,91,86,77,83,82,85,82,70,98,96,107,153,232,329
74,59,89,54,58,72,70,73,60,97,90,66,78,69,78,84,113,156,227,333
110,113,133,107,106,95,114,139,107,146,141,112,124,140,112,137,201,217,342,517
130,161,136,113,121,144,133,146,118,185,158,165,159,150,121,162,200,274,446,579
96,101,81,70,79,88,93,92,76,100,97,104,82,91,94,100,137,210,288,364
169,180,212,147,181,157,191,178,189,224,235,181,204,220,200,235,301,425,606,889
99,106,106,88,101,88,75,103,92,113,111,116,102,114,95,127,146,204,349,468
11,8,11,8,7,8,3,7,11,10,2,11,10,8,8,7,12,20,21,25
7,7,12,4,8,9,4,5,7,12,3,11,8,6,12,7,9,17,19,18
97,98,112,82,81,100,104,111,97,117,128,106,127,123,112,104,191,231,346,492
757,767,755,668,746,737,741,750,630,761,799,729,774,722,753,770,865,1132,1536,1869
224,240,231,199,201,217,226,234,220,282,238,253,262,257,244,290,364,474,771,1024
226,273,273,190,235,240,231,317,234,292,255,274,256,293,257,316,352,508,775,1052
494,576,578,456,458,488,497,592,490,584,605,566,580,615,558,649,804,1087,1665,2417
650,780,746,624,694,683,694,778,675,794,771,726,748,793,725,941,1062,1393,2230,3115
251,280,266,216,233,222,243,306,246,324,286,245,269,292,289,323,396,485,779,1142
61,59,59,46,49,65,57,68,59,62,68,55,80,73,49,70,108,134,207,286
270,281,251,219,255,255,256,277,223,300,292,302,309,283,277,306,426,555,852,1137
165,192,166,151,170,150,202,193,143,196,182,169,164,179,173,216,232,339,485,690
69,99,76,58,79,76,90,96,80,98,75,70,100,78,87,93,111,160,273,397
668,762,704,594,656,650,668,807,630,766,758,713,714,744,717,874,980,1207,1793,2483
195,214,193,173,194,172,205,210,209,216,230,209,206,230,194,229,316,414,656,898
250,273,267,193,247,253,295,316,275,309,314,276,258,337,308,318,420,638,933,1237
87,108,86,87,88,88,100,113,94,95,89,95,91,98,97,107,133,177,275,395
159,178,158,133,154,137,157,178,167,197,191,193,198,200,162,192,276,340,520,734
43,53,42,34,37,40,39,42,44,45,41,32,42,36,43,36,65,79,137,154
171,194,156,140,159,167,177,204,160,191,169,190,190,202,179,233,257,380,513,783
100,114,101,83,83,100,102,102,87,91,103,92,89,125,99,109,160,197,317,459
336,402,337,319,330,322,359,394,308,439,367,383,408,431,378,467,581,821,1200,1717
73,88,70,54,64,54,65,64,61,93,61,74,79,66,61,77,125,154,210,299
218,219,212,186,217,180,230,231,193,258,236,230,232,246,221,268,349,477,715,1047
177,222,191,142,172,183,173,203,177,227,185,198,204,203,189,225,323,400,575,797
166,197,187,137,162,168,164,189,163,196,194,186,186,198,189,219,249,374,537,706
223,275,271,208,233,250,255,267,213,302,246,265,254,268,271,317,359,482,785,1066
94,94,81,73,82,92,81,87,82,104,107,93,105,87,87,100,148,150,262,346
192,167,227,158,172,176,194,204,167,205,215,167,211,182,184,220,272,351,589,837
728,746,737,643,712,718,704,735,612,721,773,728,726,674,721,727,830,1045,1418,1733
188,173,210,159,182,173,183,206,172,209,234,188,192,210,193,221,281,401,612,855
191,246,190,162,220,194,207,215,190,229,245,202,213,230,212,247,309,395,582,851
136,144,182,134,157,138,159,170,154,177,207,172,178,163,177,195,251,355,494,664
47,52,33,38,38,24,42,38,47,66,36,50,42,43,57,42,62,110,125,193
120,125,148,110,111,100,114,139,135,141,133,145,123,140,139,157,187,243,362,483
145,132,148,140,141,127,150,154,146,182,178,172,158,137,150,189,231,322,509,632
49,55,51,50,59,49,59,59,60,57,47,53,59,65,53,57,96,137,190,211
721,751,772,602,622,652,759,763,694,853,774,749,757,795,711,852,1040,1456,2228,3167
149,144,135,107,122,132,121,148,121,169,140,133,148,148,141,160,209,291,478,536
272,289,297,242,256,267,250,309,272,332,307,283,283,301,260,336,379,567,855,1211
90,80,80,71,80,78,91,108,88,122,91,117,105,100,97,100,142,188,328,460
70,68,80,55,73,62,53,73,70,80,74,80,70,79,79,97,81,122,182,286
414,467,459,390,410,394,470,478,429,528,486,465,482,472,511,549,659,913,1404,1859
138,130,124,109,122,109,119,125,137,150,142,150,124,151,118,192,188,271,410,587
205,206,215,165,188,176,196,246,188,225,221,189,219,220,231,258,278,410,547,800
30,30,30,27,22,26,28,27,30,46,36,38,41,31,28,38,38,84,103,132
165,155,157,131,160,137,168,179,154,187,188,166,201,171,178,205,243,356,542,684
41,33,38,33,31,29,30,23,40,45,32,38,38,55,29,35,55,80,126,187
197,194,187,149,155,162,182,188,167,220,199,217,206,200,188,187,308,400,612,847
73,74,82,58,58,51,63,79,76,72,82,84,85,97,74,97,108,147,193,269
319,305,347,261,324,320,323,311,310,386,363,338,364,366,298,416,475,652,1100,1469
89,102,106,73,96,73,95,93,95,124,109,105,94,113,99,119,133,222,353,433
42,32,44,39,36,36,36,38,42,43,45,43,43,55,44,45,62,73,117,155
868,875,873,749,816,833,829,886,765,885,909,872,863,790,847,916,1022,1310,1858,2309
186,203,210,159,162,164,170,183,167,216,183,194,205,231,212,235,319,374,610,884
495,556,558,433,442,484,485,601,477,586,562,565,601,599,503,622,800,1034,1723,2424
550,596,610,471,516,534,560,588,568,680,631,577,658,672,580,702,910,1186,1866,2446
66,79,92,49,66,70,84,102,82,90,80,81,79,94,76,96,125,192,277,379
69,52,66,38,40,50,55,64,63,75,60,47,72,63,71,64,87,138,167,217
91,90,71,63,78,75,74,94,86,102,84,91,103,93,75,92,128,183,253,416
225,228,241,215,237,213,230,272,205,243,271,254,240,256,230,280,359,410,733,989
28,19,18,15,17,15,22,21,24,24,18,22,23,17,19,26,36,51,67,73
1735,1885,1844,1514,1692,1658,1730,1900,1646,1989,1925,1836,1878,1871,1853,2056,2506,3345,4841,6506
2718,2903,2906,2359,2589,2520,2729,3014,2467,3206,3051,2859,2957,2946,2822,3352,3999,5215,7810,10670
170,194,170,151,183,173,170,195,191,215,198,186,224,200,190,238,288,394,594,809
92,92,112,96,74,84,102,105,91,135,106,95,107,109,99,118,145,225,324,425
154,121,164,127,149,129,163,148,121,207,161,162,176,176,155,199,232,322,488,736
82,90,86,82,89,84,93,94,89,109,104,99,98,104,83,103,134,188,295,365
570,648,693,500,541,574,604,627,588,665,625,640,659,691,597,742,947,1300,1997,2713
167,194,180,146,169,153,184,178,166,187,194,199,191,199,193,226,269,368,543,744
168,165,161,131,167,179,158,152,173,179,171,158,170,183,152,182,229,323,514,707
283,340,317,275,258,263,276,363,272,368,340,338,352,328,314,378,487,612,954,1301
892,939,937,739,814,724,816,959,789,987,956,872,936,988,881,1156,1405,1740,2868,3965
109,117,124,101,109,119,106,131,106,129,134,135,123,137,128,169,180,251,371,539
167,197,201,123,155,151,169,192,195,197,190,200,198,188,191,220,289,390,599,823
156,196,193,170,157,178,193,201,151,218,192,184,184,201,178,217,288,372,552,767
2000,2139,2158,1697,1855,1728,1970,2223,1935,2355,2270,2128,2245,2198,2057,2558,3117,4137,6274,8572
90,113,94,82,84,78,95,106,91,102,104,101,91,125,99,133,145,205,315,417
96,96,104,96,102,104,104,139,99,133,97,105,107,125,114,138,182,223,365,487
306,313,328,268,291,277,303,305,301,311,358,327,339,295,308,392,443,644,955,1231
134,140,131,105,123,127,119,132,120,156,149,125,150,140,124,178,209,274,453,634
183,195,203,155,184,158,193,238,177,232,208,194,212,193,192,236,253,379,537,744
221,259,265,210,237,213,216,262,231,307,245,241,238,257,259,306,367,509,777,1053
98,114,100,82,70,85,107,101,124,115,86,95,98,112,104,111,150,198,295,416
96,124,122,108,89,103,113,127,109,150,140,114,114,121,110,123,165,234,332,444
49,49,55,37,39,35,48,54,37,60,46,44,63,58,54,70,67,106,151,194
393,427,420,329,376,353,414,465,377,491,422,398,455,471,425,482,648,873,1324,1767
431,462,455,382,416,373,420,476,386,486,516,455,484,488,433,554,657,791,1336,1753
131,151,141,104,124,133,134,155,121,185,150,162,149,162,127,166,224,290,454,638
60,85,65,42,47,57,53,67,51,67,62,65,66,75,51,59,88,136,201,256
99,101,98,78,95,92,76,112,98,113,93,85,102,101,91,116,140,200,320,434
1155,1214,1162,1000,1126,1128,1154,1233,1019,1225,1334,1192,1206,1207,1179,1302,1459,1905,2729,3559
115,123,142,89,124,106,110,110,96,137,110,108,136,121,111,159,212,263,369,552
137,167,146,108,117,113,146,138,118,146,146,145,140,138,147,154,224,311,469,615
512,557,597,466,534,491,541,603,520,648,584,597,618,601,573,702,800,1120,1706,2336
250,237,269,220,235,225,236,260,234,280,271,244,276,269,266,293,395,511,822,1046
130,153,141,116,124,159,149,178,126,185,161,160,158,165,140,186,232,300,491,645
120,114,128,105,108,106,123,103,107,131,118,109,103,122,113,141,170,245,364,524
771,860,882,648,738,719,754,879,720,969,881,831,919,878,854,971,1192,1687,2647,3484
127,147,127,116,127,112,130,132,119,165,148,131,137,161,144,174,213,305,453,628
48,61,43,29,32,35,40,45,56,63,48,52,57,56,43,57,69,135,150,237
204,233,225,177,222,203,211,243,193,243,237,239,248,266,230,315,364,498,737,924
108,99,98,81,93,95,112,135,94,118,138,94,116,122,105,113,152,215,311,460
182,183,170,116,146,139,162,184,150,187,173,181,187,201,179,236,309,347,612,833
1601,1624,1615,1298,1398,1365,1536,1697,1379,1814,1674,1662,1629,1729,1553,1960,2313,3266,5008,6847
135,153,145,103,138,121,152,151,109,156,160,164,169,182,150,185,236,318,523,763
124,141,156,114,123,138,112,139,124,146,160,131,149,172,157,168,195,279,418,595
155,185,166,129,138,182,157,193,150,189,172,175,191,208,184,225,276,312,572,744
47,38,42,33,40,35,37,49,30,49,45,40,47,55,41,47,90,103,120,200
1142,1166,1122,947,1080,1082,1093,1195,953,1207,1243,1108,1136,1136,1138,1218,1369,1819,2542,3331
20,13,16,16,14,19,12,15,22,19,18,13,19,15,23,13,23,42,34,70
109,78,92,72,80,85,73,103,65,96,105,86,87,93,81,101,135,175,273,362
45,43,49,32,44,45,41,51,35,51,55,39,65,55,52,62,75,102,137,198
46,42,57,45,39,54,53,57,44,73,55,42,48,54,66,60,81,109,173,213
208,209,202,170,164,205,169,231,181,255,196,210,226,253,192,258,323,399,669,929
111,99,100,77,96,84,102,106,89,99,121,81,122,117,112,133,188,198,326,471
819,864,844,650,702,741,795,865,734,892,872,819,834,853,784,924,1248,1686,2543,3550
55,50,66,46,51,45,60,76,68,75,49,56,58,68,49,74,95,118,191,256
100,93,111,78,102,84,122,104,109,122,115,90,95,106,103,105,160,223,332,419
225,255,225,176,186,207,218,221,200,263,224,224,270,254,230,274,345,422,674,962
158,160,154,137,160,126,146,177,126,188,140,160,179,172,169,180,217,300,463,693
166,174,158,118,156,140,151,186,150,221,170,176,183,172,154,198,266,327,525,747
27,26,24,25,13,19,20,16,23,33,20,17,21,28,19,28,34,45,66,101
40,30,31,34,31,26,36,31,36,31,38,27,27,33,31,39,51,64,89,144
216,269,253,201,236,234,237,300,226,290,254,250,241,274,248,335,351,446,689,958
176,200,199,127,161,153,150,199,153,199,192,189,182,182,182,209,277,374,524,780
66,77,79,58,54,55,77,60,73,93,75,84,61,65,64,87,117,148,218,327
96,113,102,98,102,105,108,107,104,117,104,105,112,125,92,138,171,223,333,463
183,177,214,148,175,170,187,226,196,220,199,209,209,229,193,239,272,394,585,856
450,511,542,388,440,450,461,560,436,569,506,555,518,561,476,628,757,1016,1605,2222
52,55,45,47,72,47,65,56,48,64,43,75,52,53,52,72,89,121,197,220
125,123,135,84,123,123,128,134,109,145,112,137,158,138,125,171,199,285,428,598
139,133,120,103,114,126,137,116,123,144,145,136,139,132,112,169,216,268,419,581
125,134,121,105,105,92,111,133,109,142,115,110,133,164,108,138,198,254,371,530
232,247,267,194,220,235,235,258,202,250,258,230,249,240,276,293,319,500,694,928
112,122,142,65,120,105,117,119,116,133,133,106,111,124,130,151,205,250,397,515
104,122,87,87,85,106,75,103,98,129,101,112,103,124,114,131,142,224,313,461
247,265,247,204,243,206,271,264,220,259,265,252,265,263,263,289,392,460,693,973
368,358,399,285,323,348,360,372,327,441,416,374,414,403,385,454,546,723,1193,1532
39,55,48,40,54,32,49,52,43,73,43,40,48,54,43,45,91,89,153,183
58,56,52,40,48,53,48,55,43,65,76,58,67,58,59,72,75,135,183,249
72,81,77,66,83,63,91,81,82,88,92,77,82,95,81,88,105,199,246,356
246,274,243,207,220,206,261,254,232,297,265,214,224,272,248,274,378,501,695,1009
176,167,164,160,152,149,164,194,160,208,153,172,191,193,170,187,289,376,485,723
108,113,115,85,96,109,99,123,86,129,115,105,95,121,90,121,168,228,336,446
110,95,92,105,88,99,105,108,94,133,104,109,102,114,108,126,148,247,308,442
36,43,58,42,41,55,46,45,55,56,45,44,61,58,49,52,60,100,172,240
55,71,72,59,50,50,59,52,52,85,67,75,63,53,60,73,107,138,189,287
436,483,495,373,399,435,463,492,417,538,496,451,481,544,461,559,705,955,1435,1948
310,361,401,296,315,288,333,408,346,428,386,344,389,393,342,475,588,703,1132,1514
112,141,175,113,153,122,124,128,138,187,150,140,163,156,153,146,202,295,462,594
113,125,120,105,97,101,115,144,114,166,144,119,119,127,106,158,159,253,343,536
183,223,223,160,184,184,184,216,192,226,215,225,207,207,233,245,319,404,632,901
204,232,235,190,210,189,204,229,209,214,237,236,231,245,230,263,320,420,644,890
88,83,79,62,76,75,80,95,73,92,91,102,98,101,91,97,145,178,303,401
100,146,129,107,125,114,117,129,114,137,128,148,125,134,148,144,190,262,367,524
173,193,198,161,146,155,167,175,162,181,180,207,192,199,168,207,279,331,555,716
73,89,91,72,69,80,86,92,79,124,90,91,101,96,93,91,113,159,262,348
341,335,323,267,282,324,338,402,294,394,359,364,345,342,317,382,527,753,1109,1492
123,120,145,87,124,135,119,150,115,153,169,132,142,147,144,161,183,264,419,558
87,87,105,63,68,75,91,94,75,98,93,79,86,108,95,102,117,186,292,435
135,131,139,84,120,108,140,133,110,173,144,135,135,155,135,166,234,276,385,582
90,92,94,81,66,86,81,108,86,112,93,83,98,84,86,103,134,197,271,345
165,161,164,133,136,147,155,209,158,208,156,169,178,170,167,198,287,346,512,741
105,116,129,97,94,93,128,131,104,117,142,125,146,146,126,156,181,236,383,520
289,292,280,244,259,259,270,305,236,338,302,273,309,308,267,354,402,551,885,1173
268,353,349,271,263,315,313,375,276,360,348,322,340,342,326,399,493,587,1004,1338
66,83,66,64,65,64,55,96,65,76,71,76,70,83,90,86,113,161,210,291
80,106,109,81,107,71,104,107,96,120,106,95,112,122,86,111,160,189,368,454
179,178,194,140,149,158,176,185,165,234,196,184,217,201,158,229,247,374,573,810
64,67,78,52,57,64,72,85,68,86,80,74,76,78,57,95,118,152,229,298
72,69,87,61,54,59,63,66,73,78,60,77,77,74,66,77,107,134,225,298
26,47,35,36,31,23,33,32,33,36,32,34,39,45,27,47,49,81,124,154
1853,1971,1989,1568,1783,1663,1798,2017,1689,2202,2146,1907,2022,2063,1878,2306,2938,3973,6005,8198
2151,2453,2298,1900,2080,2030,2248,2420,2117,2633,2459,2329,2410,2422,2273,2731,3440,4635,7120,9682
151,182,171,120,149,125,151,169,150,196,158,167,189,180,158,211,243,342,497,714
52,52,55,52,33,41,60,60,42,63,64,58,52,56,54,68,83,112,183,212
116,136,121,98,122,106,127,119,109,125,136,124,111,124,130,149,180,240,342,508
238,281,230,209,213,204,260,276,224,278,266,241,254,289,241,299,354,452,667,1020
4283,4588,4457,3695,4093,4005,4295,4658,3970,5008,4811,4483,4664,4639,4385,5168,6401,8486,12684,17474
69,78,72,51,79,74,78,80,63,76,72,74,93,79,71,81,115,137,248,340
398,467,441,352,409,389,411,475,402,468,478,467,478,449,455,539,653,787,1185,1627
110,118,131,101,142,116,103,126,100,147,132,123,132,126,130,146,162,282,398,553
67,72,84,66,65,83,77,97,77,102,74,90,81,94,83,116,124,165,271,352
244,294,238,213,252,226,258,270,232,272,286,241,252,271,238,292,331,520,766,982
56,56,54,46,37,58,56,62,63,66,55,53,60,69,44,67,93,122,215,248
23,26,29,18,23,24,29,23,22,29,27,24,26,27,25,28,31,60,78,98
51,68,53,40,50,29,51,54,60,54,50,49,65,61,51,61,62,93,156,219
90,87,88,68,58,75,75,90,87,106,86,91,101,105,104,114,141,205,257,368
91,111,107,105,78,75,97,106,71,119,128,89,106,109,109,136,131,223,330,446
163,186,173,131,135,148,149,186,144,193,166,163,173,186,161,181,249,312,492,662
86,79,94,66,71,58,65,100,73,86,96,102,89,98,87,111,116,181,307,404
360,389,383,308,321,304,347,414,350,409,388,396,390,406,366,425,553,705,1032,1540
687,742,817,611,689,710,676,863,734,872,803,814,807,850,810,980,1100,1501,2389,3224
95,108,108,80,100,95,110,110,102,120,92,105,134,119,122,108,154,212,308,393
326,389,383,289,344,324,337,375,336,415,400,354,391,427,365,458,537,759,1158,1573
40,32,47,32,37,34,53,45,36,39,50,29,41,38,48,37,73,80,140,176
58,82,77,59,66,71,75,84,86,95,92,86,87,107,83,96,126,163,263,373
318,342,321,270,308,318,313,352,321,382,362,329,347,350,319,416,490,688,1020,1489
158,195,200,145,158,150,172,216,169,205,206,187,192,188,174,247,281,378,559,732
519,601,662,504,553,536,574,619,508,655,592,590,589,671,574,769,874,1118,1858,2559
178,190,244,140,186,167,181,212,164,226,199,189,222,217,187,239,292,384,590,832
139,134,123,109,124,132,133,156,146,162,139,133,160,134,147,172,222,272,422,599
64,74,78,53,75,76,68,86,69,101,63,76,81,94,63,80,109,188,238,314
372,437,420,322,400,366,400,430,364,426,460,409,412,449,410,453,558,782,1206,1643
151,175,161,125,141,159,152,174,123,180,156,167,159,182,149,164,235,286,434,651
69,75,71,51,52,52,63,80,64,74,61,64,69,64,67,83,93,140,218,301
143,141,155,129,140,123,158,151,134,165,179,143,155,169,153,196,205,308,457,673
213,264,207,191,221,194,228,245,182,237,249,202,218,241,225,241,301,391,633,909
337,389,358,293,323,327,336,405,323,420,378,378,378,394,338,458,532,723,1241,1610
47,51,61,49,57,49,62,72,47,76,62,57,53,50,67,87,75,122,184,250
24,46,34,27,30,32,28,35,29,35,38,42,40,35,42,38,59,69,124,138
56,82,71,53,65,58,54,71,65,66,86,74,77,84,67,85,107,138,229,310
103,92,85,82,89,84,89,96,84,122,115,113,114,103,93,123,164,204,336,473
67,70,50,50,55,53,53,60,61,86,65,87,67,69,61,83,91,144,218,293
52,54,61,36,44,46,51,55,48,54,46,47,56,46,51,56,71,97,139,224
55,63,56,57,41,43,52,59,57,75,73,55,57,50,52,51,90,119,161,245
78,85,72,82,79,66,65,83,79,96,79,79,77,89,76,88,129,164,244,329
55,70,61,55,41,48,50,65,51,61,59,49,50,54,43,75,87,142,187,255
176,187,171,138,190,170,183,206,148,177,185,189,179,195,174,227,268,301,553,734
304,355,378,241,303,297,305,347,293,397,357,337,390,378,333,431,502,649,1140,1495
81,81,77,62,74,71,87,82,80,98,85,95,88,102,81,99,114,172,291,391
161,203,173,146,165,167,177,178,189,233,195,176,205,217,190,246,276,371,587,888
88,101,101,68,84,84,87,90,91,107,104,105,107,119,102,92,145,177,308,393
61,63,58,50,59,64,57,65,61,78,65,62,59,64,63,90,83,153,212,288
185,215,229,188,188,191,209,233,221,265,215,234,221,252,240,280,334,448,642,925
63,61,63,49,63,56,56,54,56,83,67,72,70,75,47,78,100,130,172,252
64,98,94,75,70,78,71,86,74,125,87,63,75,99,94,83,120,173,270,365
157,223,202,176,170,161,176,226,168,205,202,185,196,181,206,240,258,331,544,726
196,216,231,163,175,187,189,237,165,231,226,214,207,235,194,258,299,395,628,829
90,100,104,76,80,79,96,96,104,96,102,89,88,99,87,127,149,195,323,394
63,55,47,39,55,66,52,50,38,70,60,63,55,66,54,53,88,112,181,237
59,61,67,70,64,62,64,70,68,90,87,77,70,68,72,80,101,136,218,309
48,35,34,25,31,27,38,47,42,32,35,32,34,38,32,40,47,87,88,159
57,62,72,46,52,71,67,82,60,92,56,73,72,79,68,89,121,128,212,281
105,93,103,74,83,83,103,117,92,120,104,93,74,90,79,105,131,200,305,414
229,238,256,201,231,223,250,254,213,273,245,255,238,264,237,289,380,509,757,1001
73,80,89,67,76,66,68,94,81,85,64,88,87,111,81,91,110,155,258,358
97,95,92,91,93,81,85,106,76,111,123,96,109,120,97,123,186,198,357,435
71,85,58,79,73,59,84,77,86,100,87,79,72,90,84,93,119,150,251,362
17,19,22,14,26,15,27,20,14,27,31,8,18,20,24,15,25,43,66,87
46,53,43,43,39,45,50,39,54,73,57,40,42,58,61,50,80,97,180,240
46,44,60,43,52,41,49,59,62,67,62,41,62,49,49,66,93,114,152,254
85,100,95,81,96,79,87,104,87,91,112,102,91,98,70,115,129,183,331,358
123,133,111,109,128,135,141,132,108,131,117,134,125,137,133,167,202,225,406,513
102,115,112,89,87,92,99,102,97,135,103,100,103,131,88,135,159,229,344,496
216,253,236,206,219,226,255,274,220,281,262,265,216,275,219,294,353,443,728,999
160,158,182,138,163,147,171,185,170,222,204,167,191,191,179,169,307,363,535,738
139,195,172,139,147,148,163,171,151,190,158,195,205,199,153,186,267,350,545,756
113,124,125,110,103,109,109,134,131,161,134,116,135,144,142,142,175,266,426,538
100,110,110,75,99,96,90,116,101,123,114,107,104,120,98,144,168,214,301,433
45,43,36,45,29,38,42,39,38,35,39,36,46,47,45,40,66,96,120,147
158,184,190,131,188,140,195,185,174,217,193,192,185,195,164,213,278,342,588,751
180,187,197,140,163,163,193,212,174,242,193,192,220,220,212,247,271,394,575,827
188,209,181,151,164,173,192,210,156,217,199,191,205,215,202,220,307,398,559,776
249,299,263,228,277,233,256,309,248,329,294,295,282,318,271,336,424,598,802,1264
54,60,51,44,59,48,57,73,59,79,50,58,56,62,75,74,110,129,188,252
52,58,51,47,54,49,62,45,54,78,60,52,67,59,38,47,79,114,158,210
97,83,125,76,102,92,119,99,101,139,121,126,113,126,116,128,166,210,331,479
62,55,79,48,53,52,48,67,45,79,63,59,62,71,68,64,89,124,230,287
70,70,78,60,55,61,68,69,58,76,74,67,73,73,69,90,111,160,202,306
63,63,71,57,63,66,61,68,49,82,66,71,54,61,65,75,97,132,204,276
85,75,81,58,66,78,73,98,68,97,74,101,94,76,84,92,105,155,252,348
212,248,230,186,205,233,248,239,210,277,261,249,260,252,210,277,327,516,719,938
225,209,215,157,174,205,205,227,209,249,225,240,223,256,195,297,315,436,697,932
340,327,292,257,255,295,316,373,284,370,339,336,350,324,352,397,443,602,925,1239
144,183,187,138,146,158,172,195,164,186,192,187,193,204,157,224,253,335,574,733
156,167,151,137,145,135,133,160,148,173,178,138,188,155,156,193,246,286,473,619
170,196,163,153,179,155,177,208,158,196,203,171,187,184,179,207,262,311,504,658
1165,1275,1243,1030,1127,1061,1210,1319,1115,1332,1349,1206,1310,1336,1283,1528,1783,2386,3624,5108
109,119,87,101,114,92,107,114,77,137,110,112,105,112,107,101,149,213,313,419
162,196,159,136,178,132,184,174,157,201,181,195,155,182,165,183,266,370,521,728
37,44,37,27,29,42,44,46,46,46,45,45,35,47,39,49,55,87,101,148
402,512,502,376,396,421,410,502,421,517,501,499,523,551,484,565,718,986,1516,2152
144,183,179,139,135,150,158,166,169,191,172,151,172,188,165,188,242,369,548,753
33,53,51,29,27,43,38,43,45,51,41,51,53,56,36,46,77,96,167,193
81,88,83,66,65,75,78,87,72,104,62,63,87,94,80,86,142,163,244,321
32,28,23,26,22,22,36,34,36,26,36,32,32,32,31,26,43,67,78,71
202,218,202,176,196,162,171,220,172,233,232,199,198,212,198,260,262,361,535,782
54,62,47,60,60,55,50,56,57,61,74,55,69,60,63,46,104,131,179,255
37,51,38,38,54,38,45,57,40,63,49,58,40,50,56,49,59,112,162,178
392,451,441,337,376,375,407,433,381,457,473,422,464,466,397,509,654,905,1361,1862
67,68,49,63,61,49,46,51,45,43,59,46,46,55,53,44,40,102,32,21
80,101,89,57,75,71,86,107,76,114,93,88,78,100,88,114,121,189,309,384
36,41,42,31,43,40,44,43,27,41,40,38,40,44,44,41,51,101,112,161
167,190,158,147,168,160,160,202,162,189,198,176,171,201,183,220,238,306,470,673
95,102,100,81,99,102,90,119,92,119,109,120,108,135,104,153,136,200,328,441
125,131,118,100,114,107,113,129,107,152,127,137,145,142,126,147,193,271,370,528
208,261,202,189,204,189,228,236,198,238,231,213,257,241,225,259,326,428,709,915
332,348,348,267,336,285,325,331,315,408,351,349,407,397,351,404,548,765,1135,1573
609,668,676,545,610,607,621,720,552,703,699,679,671,674,663,793,917,1138,1648,2270
187,204,216,145,187,153,183,193,194,207,215,208,207,220,200,224,293,393,566,784
518,582,596,432,523,535,544,597,476,602,614,583,572,589,545,709,913,1120,1688,2372
1323,1406,1358,1155,1263,1247,1327,1428,1149,1397,1448,1347,1406,1319,1320,1483,1713,2237,3189,4225
113,127,118,105,125,103,140,110,117,147,134,118,138,137,116,158,189,259,400,527
117,137,118,97,116,113,102,144,102,131,131,139,139,138,107,165,187,239,387,576
107,149,106,98,105,88,112,119,113,119,127,103,123,127,105,137,171,256,370,472
102,108,103,72,96,92,90,119,85,140,104,98,107,110,101,129,144,235,307,432
246,312,282,203,268,245,264,283,235,312,297,267,308,285,245,325,398,484,869,1156
265,278,313,242,249,275,280,312,287,311,336,328,349,289,296,376,454,619,913,1256
483,492,482,380,402,425,442,521,396,556,492,438,510,534,466,592,749,976,1484,1974
147,155,141,123,117,134,147,151,127,167,156,148,147,158,141,178,221,295,431,641
119,133,120,83,101,112,127,155,120,136,163,136,131,160,124,150,176,241,421,572
300,311,332,259,274,255,286,329,275,368,348,361,300,338,333,418,452,612,950,1367
233,250,248,181,234,206,250,232,182,275,233,234,254,251,235,269,327,447,693,970
283,279,281,242,255,252,262,288,286,317,298,276,296,291,271,373,430,566,875,1255
1582,1685,1674,1326,1476,1401,1494,1748,1535,1990,1762,1699,1701,1812,1596,1962,2554,3380,5348,7389
301,304,298,207,252,256,255,269,241,322,301,297,291,279,301,318,428,542,890,1197
111,95,100,88,101,108,102,124,94,148,97,101,87,116,91,135,168,259,311,479
263,300,262,236,267,272,273,319,265,324,316,278,269,283,281,358,432,536,809,1098
791,846,800,710,795,746,785,851,698,796,863,800,805,824,809,853,933,1185,1640,2132
99,112,121,96,82,101,109,131,108,133,110,119,127,121,122,135,180,226,385,476
22,10,14,8,12,11,20,13,12,14,16,9,10,23,20,17,20,35,38,59
130,122,121,111,111,106,117,155,114,158,129,107,149,143,114,165,175,251,399,548
125,160,121,121,128,138,158,155,140,170,155,160,151,175,145,195,201,311,503,734
79,89,82,70,92,68,85,67,84,102,99,66,78,104,80,90,118,167,290,384
79,94,95,60,64,72,70,104,82,108,96,102,96,115,93,114,125,190,262,374
206,203,200,163,201,209,219,226,183,230,203,192,204,230,201,247,296,443,722,918
175,170,171,128,136,158,166,171,149,209,188,180,171,193,160,199,241,373,469,678
209,221,236,216,216,219,212,237,214,297,286,234,254,298,250,294,337,525,703,1024
180,207,211,150,168,170,181,222,171,225,199,180,206,223,193,247,275,378,568,733
109,127,121,116,112,91,127,127,128,156,143,127,143,151,107,181,200,284,437,581
355,409,362,250,304,308,376,377,343,432,371,372,385,386,353,439,577,791,1180,1603
483,514,547,374,437,443,508,549,460,574,551,510,526,559,541,594,786,1004,1574,2102
86,100,89,80,81,80,76,102,94,108,85,105,98,118,78,105,144,206,318,406
196,242,222,179,184,183,178,214,201,252,235,209,242,217,214,279,355,460,718,970
108,113,111,106,112,109,128,148,136,148,135,125,141,121,130,134,199,266,406,552
70,55,68,59,50,71,63,62,58,67,53,74,70,64,46,74,102,142,178,270
92,87,80,70,69,72,97,92,98,93,92,79,91,97,76,112,129,181,282,369
597,697,679,554,605,568,620,705,626,773,763,646,715,721,697,818,1012,1323,2068,2827
118,147,129,100,117,125,124,142,109,145,133,120,133,150,162,136,212,239,395,568
103,104,108,85,85,96,108,106,102,105,123,98,113,112,111,120,136,213,289,376
94,108,113,84,92,87,96,128,89,133,92,96,99,114,99,124,146,218,319,463
72,91,93,83,78,63,82,77,80,107,90,105,109,79,92,119,129,185,277,401
77,80,80,74,82,78,88,88,84,113,96,83,98,95,86,124,143,207,337,391
111,119,148,84,109,116,126,157,94,141,128,130,140,140,111,158,176,231,366,469
104,117,113,76,94,101,101,123,121,114,103,123,129,107,105,123,173,222,338,534
139,160,175,98,139,140,142,193,132,191,168,165,158,173,165,195,214,300,428,587
345,433,379,332,366,356,385,396,335,435,431,383,411,411,384,489,525,684,1078,1579
50,65,57,51,48,46,45,68,60,71,51,54,68,58,58,53,98,113,191,259
70,82,75,76,72,68,74,107,79,104,79,80,99,102,89,88,114,141,226,352
66,65,56,45,57,65,70,60,60,100,60,65,68,70,76,69,115,147,208,275
45,38,43,33,32,26,28,38,28,42,39,36,31,40,23,57,59,76,112,150
71,85,94,71,66,61,81,82,74,85,97,89,79,83,81,87,118,158,234,304
859,898,844,744,822,835,830,858,725,878,895,880,869,816,864,912,986,1313,1750,2191
144,163,158,125,132,120,134,181,131,163,154,168,154,151,149,188,181,285,378,546
911,873,948,717,751,786,846,951,840,1081,941,929,968,971,879,1102,1322,1847,2777,3812
155,151,166,137,130,145,144,154,125,154,171,149,158,161,127,177,212,326,488,623
162,175,196,154,185,177,171,200,173,216,208,192,189,203,177,224,289,400,600,780
90,105,101,105,89,95,108,114,96,126,109,107,99,127,97,123,155,201,334,428
138,131,130,98,123,137,125,167,122,170,136,117,155,157,126,155,235,300,398,636
207,207,220,151,183,171,235,240,181,238,220,196,226,204,212,214,325,429,633,843
234,254,257,197,225,197,264,275,208,272,233,238,261,261,242,283,383,469,714,1019
38,46,31,26,31,38,35,41,45,31,36,32,41,39,35,36,53,84,97,143
166,188,203,170,172,150,184,205,161,199,224,211,212,219,210,218,277,375,614,808
55,60,51,39,57,47,49,54,56,71,49,55,68,59,57,66,79,110,180,259
67,66,85,58,47,65,64,88,54,72,69,71,85,71,66,68,87,151,204,313
443,451,472,366,432,429,442,527,436,558,458,464,528,537,457,574,700,989,1537,2069
120,133,137,105,137,117,140,163,130,145,174,124,152,153,138,156,196,290,407,575
59,60,68,47,38,48,48,61,41,62,64,53,57,60,56,86,88,104,168,257
293,308,283,245,253,233,282,319,277,378,340,317,324,313,274,358,456,616,963,1351
178,190,189,152,169,178,200,197,181,224,208,208,219,236,189,219,301,434,645,871
110,124,115,89,95,92,140,117,111,141,146,110,123,120,109,137,160,248,383,480
60,62,70,47,56,46,68,58,59,71,55,58,61,62,52,73,79,144,195,262
63,52,53,44,30,37,38,76,39,72,52,52,53,50,55,72,96,115,140,205
32,37,40,26,42,35,36,34,33,50,41,43,55,40,35,40,53,95,101,132
277,295,318,245,245,237,283,343,268,316,350,276,279,288,289,339,365,531,793,1040
86,85,78,88,56,72,75,91,76,92,78,85,76,84,86,70,125,165,262,345
264,291,268,222,247,230,253,313,261,290,285,286,325,316,266,329,425,537,792,1086
69,78,64,52,74,48,65,74,75,84,76,78,68,97,71,90,127,146,214,307
73,81,70,69,71,82,71,75,87,93,86,84,89,89,88,97,117,154,244,342
122,111,147,85,120,101,126,125,115,148,147,117,144,108,111,144,178,253,387,521
377,403,385,326,312,361,367,409,329,438,410,383,422,437,399,446,534,693,1184,1606
68,90,80,53,65,62,62,71,66,84,56,74,69,84,67,90,92,135,209,288
69,79,78,56,59,75,78,92,75,80,76,91,94,93,87,99,127,180,285,403
1602,1742,1674,1420,1651,1586,1644,1770,1428,1794,1796,1688,1725,1745,1672,1835,2282,2910,4320,5899
62,73,80,56,76,67,74,94,70,105,98,81,70,105,82,94,130,200,283,402
153,152,115,109,130,141,158,151,126,182,144,146,154,156,146,181,205,272,444,603
162,169,170,132,166,146,161,181,154,193,183,175,206,189,169,185,254,355,497,731
706,699,683,625,687,690,687,704,586,694,741,704,713,646,698,736,767,983,1338,1623
58,71,74,57,86,60,57,72,61,81,60,74,90,75,66,98,102,157,205,269
330,367,373,305,345,323,370,406,338,419,403,401,399,408,419,424,555,710,1144,1514
234,267,210,178,212,221,238,253,227,265,271,259,230,270,207,246,361,483,696,1039
532,583,576,439,481,536,517,610,510,665,594,596,591,622,530,621,844,1119,1746,2453
81,80,89,80,74,80,77,107,87,122,89,86,86,106,94,118,154,197,305,426
252,293,250,206,230,223,257,263,245,323,296,284,264,296,238,304,436,548,866,1163
311,337,307,281,291,285,300,337,336,399,369,328,348,367,341,451,527,725,1207,1709
296,332,288,272,281,279,291,335,322,390,356,324,340,347,335,438,508,725,1197,1684
84,71,82,54,88,62,53,84,56,79,77,88,78,76,69,93,106,170,231,292
120,151,129,124,98,89,132,151,116,161,119,126,139,140,135,151,194,318,433,518
330,355,340,261,288,296,337,373,324,411,363,364,370,394,321,424,528,704,1093,1486
322,329,338,304,304,318,321,369,289,356,381,323,340,329,306,432,547,674,1088,1370
110,131,123,109,111,93,127,150,112,118,142,119,122,107,129,157,145,210,301,388
187,237,202,157,199,169,211,225,181,249,230,197,210,236,190,247,279,380,557,792
145,138,139,105,127,139,140,153,122,148,145,135,125,163,166,166,235,272,410,629
163,174,169,151,155,147,168,180,183,206,181,175,186,191,207,228,283,353,534,776
848,1001,919,738,819,791,842,982,827,1045,965,920,909,990,897,1092,1336,1841,2751,3859
675,700,681,613,677,663,657,688,580,659,722,685,690,641,673,700,755,969,1283,1591
896,924,913,787,845,834,868,914,776,887,951,910,915,889,879,988,1051,1387,1938,2496
124,107,112,93,89,93,94,134,97,158,126,136,134,130,109,150,192,235,370,520
74,51,52,42,40,47,65,74,59,74,57,48,75,76,75,66,80,116,169,242
220,246,243,187,226,224,212,242,183,250,258,250,247,256,215,290,345,476,739,1029
147,162,187,153,141,144,153,161,150,215,195,152,185,169,171,223,275,360,576,740
80,93,83,76,61,71,95,74,70,95,87,93,64,74,87,115,144,182,252,388
150,167,166,130,148,122,149,163,144,178,188,163,175,148,148,196,235,311,470,644
37,29,49,27,34,42,38,43,32,40,50,46,37,55,52,46,61,91,115,183
139,151,131,108,94,114,123,137,113,163,139,121,150,137,137,153,199,334,358,508
66,77,72,52,63,57,74,72,70,85,83,79,73,69,59,80,119,146,223,292
745,767,719,675,727,735,714,780,652,756,787,760,750,719,743,813,852,1084,1488,1896
167,184,231,143,157,146,186,185,178,226,211,190,198,189,177,248,281,366,655,855
101,124,136,76,97,83,109,112,98,129,119,104,120,114,98,137,163,254,384,555
81,83,78,62,77,57,73,75,59,89,76,71,70,70,87,102,135,187,226,357
158,198,201,151,146,167,181,193,159,216,199,196,180,210,175,224,273,359,560,753
136,158,151,127,132,129,130,142,115,157,168,145,149,148,133,170,226,317,467,678
459,519,482,366,413,403,463,503,435,596,491,513,477,508,449,561,738,1015,1436,2112
154,167,165,126,158,159,154,162,181,180,168,162,164,188,178,212,260,379,516,765
269,311,306,218,254,263,280,310,255,353,287,308,299,333,268,341,456,570,839,1273
285,319,330,231,276,273,291,294,291,331,339,315,295,334,301,363,421,608,852,1166
309,341,341,273,286,306,324,340,306,363,315,329,328,322,314,390,482,658,959,1329
84,55,72,55,50,56,67,81,52,77,91,60,73,76,60,73,100,137,213,254
32,36,56,32,21,42,27,48,43,36,43,45,38,38,29,50,45,84,111,146
208,200,217,174,182,173,183,214,183,244,210,206,221,203,198,240,297,398,616,841
113,149,138,108,124,117,126,141,131,165,144,132,141,155,149,166,215,309,413,567
224,256,224,216,228,215,228,270,195,260,253,240,231,219,219,284,337,428,691,934
194,210,219,156,188,172,193,230,194,257,203,206,225,216,212,257,301,427,646,917
137,158,160,123,131,131,146,134,127,158,159,146,153,176,136,179,203,292,455,634
278,328,311,242,299,275,296,339,306,351,350,319,308,362,330,367,453,654,995,1350
202,230,231,197,216,174,199,215,215,243,256,246,250,234,238,262,376,478,703,917
257,297,280,236,271,266,241,331,233,287,257,288,283,305,282,349,388,486,774,1080
412,485,455,345,394,408,381,496,419,535,514,477,482,507,465,529,725,924,1400,1876
166,196,199,131,142,158,163,194,155,225,177,171,196,186,167,178,275,372,558,787
280,286,263,201,219,243,222,293,227,323,295,284,266,306,256,341,377,486,812,1149
138,129,156,108,122,111,130,140,133,145,132,139,151,143,135,179,196,259,457,620
112,101,111,80,79,93,90,114,94,126,106,99,97,109,87,133,143,204,324,456
220,248,224,177,217,238,226,240,218,255,264,249,238,267,252,312,364,436,752,967
113,130,129,108,118,113,111,126,137,133,146,117,116,114,111,170,191,286,358,542
232,291,282,233,248,240,238,265,230,304,245,280,257,262,285,307,396,482,777,1062
516,565,553,430,502,488,529,618,513,672,570,547,552,583,516,668,831,1047,1627,2340
188,233,203,163,192,187,181,215,205,222,228,200,233,231,196,225,316,426,658,890
234,286,262,208,232,222,228,251,223,314,264,275,273,282,248,300,359,507,761,1079
51,51,44,46,66,46,62,59,41,73,67,45,56,56,55,66,78,105,179,227
141,168,162,119,113,132,124,156,136,180,150,142,150,174,138,174,240,285,443,657
206,188,194,160,176,172,186,196,205,220,236,200,201,231,187,248,308,410,654,858
62,43,52,63,52,46,51,71,55,61,64,56,54,58,55,67,75,130,174,244
95,79,96,62,70,64,66,98,64,99,77,73,88,89,71,79,118,194,213,252
51,53,63,30,50,53,60,60,47,64,64,53,65,67,59,61,78,115,186,252
274,298,302,238,271,265,282,292,233,296,315,303,288,309,295,345,417,538,861,1138
132,135,137,105,114,108,130,123,120,134,150,148,146,119,134,157,223,259,412,566
145,159,172,124,136,123,152,152,114,180,144,137,155,163,140,166,231,275,444,654
71,90,97,72,75,78,88,99,86,118,90,88,109,107,99,124,130,190,298,426
309,296,319,248,286,278,289,347,269,371,352,322,333,362,309,364,492,694,1021,1397
95,91,87,99,95,94,81,109,91,132,89,93,106,131,99,121,147,217,309,420
97,106,89,82,102,86,102,103,108,96,93,101,102,109,92,142,169,234,308,465
59,78,71,57,69,67,81,73,75,100,93,77,70,81,62,103,102,146,230,339
402,423,410,369,394,402,455,491,388,494,472,453,463,447,476,518,697,903,1365,1846
70,61,69,56,51,60,51,79,60,78,74,66,81,87,75,103,109,126,201,284
42,40,45,25,42,41,48,45,33,48,50,39,48,33,40,34,59,95,118,181
88,88,97,70,76,91,83,98,82,125,99,97,94,96,89,99,146,198,280,420
391,425,423,337,380,394,405,453,378,439,431,411,445,429,413,502,604,846,1237,1691
106,100,102,88,87,106,85,102,91,114,94,93,102,112,100,116,171,235,349,434
182,197,196,154,151,172,188,189,161,209,217,201,210,186,202,216,255,380,641,872
78,87,99,76,75,81,70,112,75,114,109,96,112,114,91,113,130,189,336,413
71,89,95,78,100,70,91,109,96,100,96,89,88,118,84,119,161,201,304,421
92,105,109,88,95,78,91,111,113,145,116,116,102,134,119,108,138,210,325,480
125,100,105,97,90,78,105,102,95,125,108,115,117,115,101,153,168,229,369,514
106,123,111,81,98,96,107,127,81,124,127,123,124,116,114,128,173,241,401,536
131,145,158,123,126,118,130,145,110,141,135,143,159,160,107,156,195,333,430,558
100,106,92,82,85,76,91,98,73,133,97,103,108,112,107,134,142,193,303,451
66,73,91,55,64,74,79,71,66,99,78,64,67,76,68,83,140,145,254,326
139,115,123,121,112,111,132,160,117,156,141,117,137,168,114,148,206,260,434,557
139,134,142,115,113,123,126,160,130,159,152,146,141,165,133,150,227,294,434,586
98,77,84,71,74,100,91,96,88,110,103,91,102,94,95,84,145,195,295,413
212,223,205,177,192,183,191,220,181,245,212,238,214,230,208,244,295,425,662,941
50,59,65,43,51,58,49,59,62,84,62,67,69,67,45,64,82,116,193,252
205,209,198,138,166,160,189,208,173,237,206,198,221,205,172,236,312,375,582,875
222,282,248,195,249,188,233,250,214,287,239,282,241,258,254,312,384,490,774,1017
1002,1099,978,867,965,912,964,1123,953,1189,1181,1076,1174,1160,1094,1318,1582,2005,3353,4565
299,314,346,260,328,292,287,343,344,418,361,370,363,341,308,376,488,705,930,1379
59,46,54,39,48,37,46,48,50,66,49,48,68,61,51,63,96,104,175,223
94,116,117,84,85,89,102,120,125,134,133,115,127,140,112,141,182,195,348,468
53,60,55,39,45,34,46,50,40,65,45,50,54,46,63,61,69,126,157,251
14,12,11,8,9,19,14,14,16,27,13,19,14,16,12,24,14,36,39,33
279,238,274,200,213,222,247,273,228,327,237,238,259,312,226,318,410,541,820,1086
128,129,130,107,114,121,125,138,115,135,123,137,113,145,123,128,196,277,361,551
169,158,123,122,142,141,156,152,151,176,148,133,156,175,143,204,221,309,467,687
773,852,812,650,755,754,754,870,708,867,870,825,842,888,836,989,1152,1434,2228,3038
108,134,125,104,101,90,122,115,99,154,129,127,113,121,122,154,176,251,363,587
124,160,147,122,130,148,133,173,149,160,180,182,153,165,143,202,222,286,516,616
269,314,285,237,287,254,278,306,265,329,338,284,316,312,308,338,419,553,890,1293
57,68,53,38,56,54,63,68,62,56,64,58,70,58,48,56,80,134,214,267
218,250,237,181,181,206,259,262,212,267,225,275,255,272,265,296,380,475,775,1080
168,151,194,147,146,153,167,218,159,184,190,193,189,194,156,233,253,367,560,742
51,72,47,36,37,44,50,58,47,60,61,47,62,72,57,72,83,116,164,201
281,316,272,238,256,263,289,270,250,298,316,281,279,286,282,345,420,568,820,1082
261,278,268,235,255,232,248,291,239,297,279,266,297,312,273,335,411,520,788,1129
40,27,39,33,32,30,31,40,28,37,32,36,30,29,27,33,58,66,108,148
663,720,728,572,608,595,656,744,658,740,724,727,695,762,710,859,1083,1285,2137,2861
196,246,263,211,230,212,238,251,186,266,276,251,272,254,214,284,360,491,772,1007
48,62,71,44,52,56,54,77,45,71,49,58,56,47,60,52,95,149,198,245
80,91,81,68,64,67,96,83,83,97,73,69,90,99,92,116,151,182,270,366
100,103,120,88,94,88,100,111,92,125,90,98,119,97,89,141,180,247,312,508
73,72,55,50,43,34,59,72,55,63,60,58,46,51,56,63,70,121,152,146
191,210,203,192,179,161,198,201,196,248,224,232,216,204,243,226,301,425,599,837
210,247,248,175,187,190,234,218,189,242,238,256,216,233,223,280,292,435,663,926
201,214,203,147,209,188,189,236,194,248,207,218,230,205,234,227,308,401,653,923
165,185,129,130,141,175,153,153,132,192,173,178,168,186,158,186,237,316,521,709
333,354,355,278,289,367,301,391,294,361,366,355,361,361,358,441,512,716,1140,1502
84,109,78,69,75,61,82,103,63,98,77,69,98,93,96,110,114,192,246,391
217,209,238,151,185,173,191,213,199,236,204,215,218,247,184,254,313,405,623,836
272,284,284,198,242,247,264,326,231,296,295,269,279,276,264,326,376,503,791,1036
193,218,206,165,178,181,190,228,204,241,207,224,194,238,219,253,308,436,678,918
249,278,253,209,241,254,277,283,207,311,284,302,314,298,267,305,398,500,816,1036
127,113,144,88,111,102,136,139,137,153,139,128,144,128,122,139,194,256,396,520
138,142,172,109,169,144,153,171,148,181,156,177,188,175,142,201,256,351,537,703
146,142,110,113,123,109,147,150,102,136,155,134,127,130,123,157,177,226,333,470
378,416,416,298,366,361,366,428,309,410,391,409,382,394,370,505,567,703,1109,1505
456,461,435,379,406,369,391,478,412,480,467,428,432,471,409,524,654,902,1301,1919
105,118,114,88,114,102,95,120,113,148,108,108,130,129,104,137,179,241,337,533
153,158,142,122,131,129,136,154,135,170,140,154,141,179,139,187,212,306,455,627
67,59,61,59,60,71,67,70,51,80,63,70,64,72,66,78,95,113,200,282
178,196,183,142,170,162,188,212,149,229,182,164,184,212,195,194,272,360,628,827
66,68,60,51,53,59,53,69,64,77,59,71,67,70,67,78,89,141,173,255
75,84,106,77,84,88,71,102,86,124,95,78,106,98,104,121,168,196,327,439
127,181,158,129,145,142,145,166,164,174,164,175,159,174,137,178,214,329,482,685
80,77,82,61,78,75,72,95,80,101,102,85,87,100,88,87,129,167,260,357
55,58,68,44,45,38,54,46,50,43,48,53,66,48,54,60,90,103,144,230
102,104,111,91,116,90,96,126,117,144,107,130,105,114,103,132,177,180,341,469
53,69,60,59,57,57,87,56,73,81,83,67,49,63,61,67,98,130,233,275
154,199,161,119,134,135,135,165,142,200,189,176,180,169,161,193,229,332,509,725
100,128,129,88,102,99,106,117,108,134,133,119,121,125,117,140,172,246,329,518
214,248,243,190,229,205,237,269,222,248,242,262,255,257,236,289,342,433,643,935
125,120,116,107,118,116,143,144,139,172,136,137,161,123,129,166,216,269,419,633
128,151,155,106,119,135,126,131,119,148,136,138,135,136,135,133,203,260,398,597
